#node1	node2	node1_string_internal_id	node2_string_internal_id	node1_external_id	node2_external_id	neighborhood_on_chromosome	gene_fusion	phylogenetic_cooccurrence	homology	coexpression	experimentally_determined_interaction	database_annotated	automated_textmining	combined_score
PF13_0033	PF10_0081	2524584	2523759	5833.PF13_0033	5833.PF10_0081	0.051	0	0	0.902	0.994	0.901	0	0	0.999
PF10_0272	PF07_0080	2523949	2523482	5833.PF10_0272	5833.PF07_0080	0	0	0	0	0.992	0.973	0	0	0.999
PF14_0240	PF07_0080	2525130	2523482	5833.PF14_0240	5833.PF07_0080	0	0	0	0	0.994	0.973	0	0	0.999
PF14_0240	PF13_0268	2525130	2524806	5833.PF14_0240	5833.PF13_0268	0	0	0	0	0.994	0.973	0	0	0.999
PF13_0268	PF10_0272	2524806	2523949	5833.PF13_0268	5833.PF10_0272	0.155	0	0	0	0.995	0.973	0	0	0.999
PF14_0240	PF10_0272	2525130	2523949	5833.PF14_0240	5833.PF10_0272	0	0	0	0	0.994	0.973	0	0	0.999
PF13_0268	PF07_0080	2524806	2523482	5833.PF13_0268	5833.PF07_0080	0	0	0	0	0.994	0.973	0	0	0.999
PFL2010c	PF08_0127	2527932	2523664	5833.PFL2010c	5833.PF08_0127	0	0	0	0	0.989	0.575	0	0	0.995
PF13_0156	PF10_0081	2524697	2523759	5833.PF13_0156	5833.PF10_0081	0	0	0	0	0.905	0.858	0	0	0.985
PFL2010c	PFD0455w	2527932	2526370	5833.PFL2010c	5833.PFD0455w	0	0	0	0	0.983	0.181	0	0	0.985
PF13_0156	PF13_0033	2524697	2524584	5833.PF13_0156	5833.PF13_0033	0.064	0	0	0	0.814	0.864	0	0	0.974
PFD0455w	PF08_0127	2526370	2523664	5833.PFD0455w	5833.PF08_0127	0	0	0	0	0.883	0.793	0	0	0.974
PF14_0746	PF14_0731	2525634	2525619	5833.PF14_0746	5833.PF14_0730	0	0	0	0	0.972	0	0	0	0.972
PFI1625c	PFE1155c	2527485	2526749	5833.PFI1625c	5833.PFE1155c	0	0	0	0.645	0.599	0.901	0	0	0.958
PFC0675c	PF11_0337	2526191	2524381	5833.PFC0675c	5833.PF11_0337	0	0	0	0	0.664	0.872	0	0	0.955
PF14_0477	PF14_0240	2525362	2525130	5833.PF14_0477	5833.PF14_0240	0.418	0	0	0	0.232	0.901	0	0	0.951
PFL2010c	PF14_0068	2527932	2524962	5833.PFL2010c	5833.PF14_0068	0	0	0	0	0.848	0.580	0	0	0.933
PF11_0256	PF10_0363	2524301	2524039	5833.PF11_0256	5833.PF10_0363	0.061	0	0	0	0.173	0.094	0.900	0	0.920
PF14_0477	PF13_0268	2525362	2524806	5833.PF14_0477	5833.PF13_0268	0.063	0	0	0	0.196	0.901	0	0	0.918
PF14_0477	PF07_0080	2525362	2523482	5833.PF14_0477	5833.PF07_0080	0	0	0	0	0.178	0.901	0	0	0.915
PFE0060w	PFE0050w	2526534	2526532	5833.PFE0060w	5833.PFE0050w	0	0	0	0	0.911	0	0	0	0.911
PFF0495w	PF14_0709	2526934	2525598	5833.PFF0495w	5833.PF14_0709	0.381	0	0	0	0.579	0.583	0	0	0.881
PF14_0068	PF08_0127	2524962	2523664	5833.PF14_0068	5833.PF08_0127	0	0	0	0	0.653	0.656	0	0	0.875
GTP-CH	PF10_0363	2527759	2524039	5833.PFL1155w	5833.PF10_0363	0.223	0	0	0	0.264	0	0.800	0	0.875
PFD0455w	PF14_0068	2526370	2524962	5833.PFD0455w	5833.PF14_0068	0	0	0	0	0.626	0.672	0	0	0.872
PFC0675c	PF14_0270	2526191	2525160	5833.PFC0675c	5833.PF14_0270	0	0	0	0	0.667	0.614	0	0	0.866
PFD0600c	PF11_0337	2526395	2524381	5833.PFD0600c	5833.PF11_0337	0.196	0	0	0	0.563	0.644	0	0	0.864
PFI1625c	MAL13P1.47	2527485	2522997	5833.PFI1625c	5833.MAL13P1.47	0.046	0	0	0	0.803	0.329	0	0	0.863
PF07_0080	MAL7P1.81	2523482	2523220	5833.PF07_0080	5833.MAL7P1.81	0	0	0	0	0.691	0.575	0	0	0.863
PFL2180w	PF14_0270	2527967	2525160	5833.PFL2180w	5833.PF14_0270	0.120	0	0	0	0.633	0.581	0	0	0.853
PF13_0330	PF08_0100	2524864	2523637	5833.PF13_0330	5833.PF08_0100	0	0	0	0.871	0.631	0.616	0	0	0.852
PFF0495w	PFC0675c	2526934	2526191	5833.PFF0495w	5833.PFC0675c	0	0	0	0	0.652	0.583	0	0	0.848
PFF0815w	PF08_0132	2527001	2523669	5833.PFF0815w	5833.PF08_0132	0.060	0	0	0	0.201	0	0.800	0	0.836
PF10_0272	MAL7P1.81	2523949	2523220	5833.PF10_0272	5833.MAL7P1.81	0	0	0	0	0.831	0	0	0	0.831
PF11_0075	PfVAMP8	2524135	2522769	5833.PF11_0075	5833.MAL13P1.16	0	0	0	0	0.831	0	0	0	0.831
L22	PF14_0240	2525532	2525130	5833.PF14_0642	5833.PF14_0240	0	0	0	0	0.615	0.577	0	0	0.830
L22	PF07_0080	2525532	2523482	5833.PF14_0642	5833.PF07_0080	0	0	0	0	0.605	0.577	0	0	0.825
PFC0995c	MAL13P1.140	2526259	2522749	5833.PFC0995c	5833.MAL13P1.140	0	0	0	0	0.824	0	0	0	0.824
PF11_0337	PF07_0080	2524381	2523482	5833.PF11_0337	5833.PF07_0080	0	0	0	0	0.602	0.577	0	0	0.824
PFD0600c	PF07_0080	2526395	2523482	5833.PFD0600c	5833.PF07_0080	0	0	0	0	0.598	0.577	0	0	0.822
PF14_0240	PF11_0337	2525130	2524381	5833.PF14_0240	5833.PF11_0337	0	0	0	0	0.591	0.577	0	0	0.819
PFD0600c	PF14_0240	2526395	2525130	5833.PFD0600c	5833.PF14_0240	0	0	0	0	0.587	0.577	0	0	0.817
PF13_0257	PF08_0132	2524795	2523669	5833.PF13_0257	5833.PF08_0132	0.055	0	0	0	0.082	0	0.800	0	0.811
PFD0600c	PFC0675c	2526395	2526191	5833.PFD0600c	5833.PFC0675c	0	0	0	0	0.485	0.644	0	0	0.809
PF14_0166	PF13_0257	2525057	2524795	5833.PF14_0166	5833.PF13_0257	0.122	0	0	0	0.530	0.574	0	0	0.808
PF11_0339	PF08_0132	2524383	2523669	5833.PF11_0339	5833.PF08_0132	0	0	0	0	0.083	0	0.800	0	0.808
PFD0600c	PF14_0270	2526395	2525160	5833.PFD0600c	5833.PF14_0270	0.155	0	0	0	0.482	0.584	0	0	0.802
PF11_0339	MAL13P1.390	2524383	2522982	5833.PF11_0339	5833.MAL13P1.390	0.240	0	0	0	0.639	0.333	0	0	0.801
PFC0506w	PF13_0054	2526157	2524604	5833.PFC0506w	5833.PF13_0054	0	0	0	0	0.801	0	0	0	0.801
PFL2180w	PFD0600c	2527967	2526395	5833.PFL2180w	5833.PFD0600c	0.155	0	0	0	0.481	0.584	0	0	0.801
PFD0565c	PF08_0127	2526390	2523664	5833.PFD0565c	5833.PF08_0127	0	0	0	0	0.548	0.574	0	0	0.799
PFF0495w	PFD0600c	2526934	2526395	5833.PFF0495w	5833.PFD0600c	0	0	0	0	0.544	0.577	0	0	0.798
PF13_0257	PF13_0170	2524795	2524711	5833.PF13_0257	5833.PF13_0170	0	0	0	0.677	0.534	0.584	0	0	0.798
PF14_0414	PfVAMP8	2525301	2522769	5833.PF14_0414	5833.MAL13P1.16	0	0	0	0	0.797	0	0	0	0.797
PFL2180w	PFC0675c	2527967	2526191	5833.PFL2180w	5833.PFC0675c	0	0	0	0	0.475	0.613	0	0	0.788
PFL2180w	PF11_0337	2527967	2524381	5833.PFL2180w	5833.PF11_0337	0.155	0	0	0	0.439	0.588	0	0	0.787
PFC0995c	PF14_0063	2526259	2524957	5833.PFC0995c	5833.PF14_0063	0	0	0	0	0.785	0	0	0	0.785
PFF0495w	PF14_0270	2526934	2525160	5833.PFF0495w	5833.PF14_0270	0.047	0	0	0	0.504	0.574	0	0	0.781
PFE0060w	PFD0090c	2526534	2526302	5833.PFE0060w	5833.PFD0090c	0	0	0	0	0.781	0	0	0	0.781
PF14_0270	PF07_0080	2525160	2523482	5833.PF14_0270	5833.PF07_0080	0	0	0	0	0.550	0.532	0	0	0.780
PF14_0068	PF13_0268	2524962	2524806	5833.PF14_0068	5833.PF13_0268	0	0	0	0	0.692	0.311	0	0	0.779
PF14_0270	PF11_0337	2525160	2524381	5833.PF14_0270	5833.PF11_0337	0.155	0	0	0	0.415	0.588	0	0	0.778
PF14_0270	PF14_0240	2525160	2525130	5833.PF14_0270	5833.PF14_0240	0	0	0	0	0.539	0.532	0	0	0.775
PFI0235w	PFE0215w	2527201	2526565	5833.PFI0235w	5833.PFE0215w	0	0.004	0	0	0.773	0	0	0	0.773
PFF0495w	PF14_0477	2526934	2525362	5833.PFF0495w	5833.PF14_0477	0.418	0	0	0	0.140	0.581	0	0	0.771
PFL2180w	PF07_0080	2527967	2523482	5833.PFL2180w	5833.PF07_0080	0	0	0	0	0.528	0.532	0	0	0.769
PFI0355c	PF14_0147	2527227	2525039	5833.PFI0355c	5833.PF14_0147	0.418	0	0	0	0.237	0.513	0	0	0.764
PFI0035c	PFI0010c	2527161	2527156	5833.PFI0035c	5833.PFI0010c	0	0	0	0.941	0.762	0	0	0	0.762
PF14_0068	PF10_0272	2524962	2523949	5833.PF14_0068	5833.PF10_0272	0	0	0	0	0.659	0.320	0	0	0.758
PFL2010c	PFD0565c	2527932	2526390	5833.PFL2010c	5833.PFD0565c	0	0	0	0.547	0.649	0.325	0	0	0.753
MAL7P1.132	MAL13P1.140	2523095	2522749	5833.MAL7P1.132	5833.MAL13P1.140	0	0	0	0	0.751	0	0	0	0.751
PFF0495w	PF13_0268	2526934	2524806	5833.PFF0495w	5833.PF13_0268	0.051	0	0	0	0.429	0.577	0	0	0.750
PFF0495w	L22	2526934	2525532	5833.PFF0495w	5833.PF14_0642	0.051	0	0	0	0.429	0.577	0	0	0.750
PFD0455w	PFA_0180w	2526370	2525705	5833.PFD0455w	5833.PFA0180w	0	0	0	0	0.653	0.309	0	0	0.749
L22	PF11_0337	2525532	2524381	5833.PF14_0642	5833.PF11_0337	0.196	0	0	0	0.567	0.334	0	0	0.748
PFD0565c	PF14_0068	2526390	2524962	5833.PFD0565c	5833.PF14_0068	0	0	0	0	0.654	0.295	0	0	0.746
PFL1710c	PF14_0709	2527872	2525598	5833.PFL1710c	5833.PF14_0709	0.396	0	0	0	0.081	0.579	0	0	0.745
PF14_0709	PF11_0337	2525598	2524381	5833.PF14_0709	5833.PF11_0337	0.053	0	0	0	0.274	0.659	0	0	0.745
PFB0715w	PF10_0363	2525966	2524039	5833.PFB0715w	5833.PF10_0363	0.138	0	0	0	0.215	0	0.650	0	0.742
PFL1670c	PF11_0488	2527864	2524525	5833.PFL1670c	5833.PF11_0488	0	0	0	0	0.742	0	0	0	0.742
PFD0600c	L22	2526395	2525532	5833.PFD0600c	5833.PF14_0642	0.196	0	0	0	0.557	0.334	0	0	0.742
PFL1045w	PF11_0140	2527737	2524190	5833.PFL1045w	5833.PF11_0140	0	0	0	0	0.742	0	0	0	0.742
PFL2010c	PFA_0180w	2527932	2525705	5833.PFL2010c	5833.PFA0180w	0	0	0	0	0.727	0.094	0	0	0.742
PFL2180w	PF14_0240	2527967	2525130	5833.PFL2180w	5833.PF14_0240	0	0	0	0	0.469	0.532	0	0	0.740
PfMAP1	MAL7P1.132	2525184	2523095	5833.PF14_0294	5833.MAL7P1.132	0	0	0	0	0.121	0.713	0	0	0.737
PF11_0058	PF10_0363	2524118	2524039	5833.PF11_0058.1	5833.PF10_0363	0	0	0	0	0.281	0	0.650	0	0.737
PFC0675c	PF14_0709	2526191	2525598	5833.PFC0675c	5833.PF14_0709	0	0	0	0	0.273	0.649	0	0	0.734
PFL1655c	PFI0235w	2527861	2527201	5833.PFL1655c	5833.PFI0235w	0	0	0	0	0.626	0.307	0	0	0.730
1-cyspxn	PF08_0097	2523668	2523634	5833.PF08_0131	5833.PF08_0097	0	0	0	0	0.730	0	0	0	0.730
PFE1615c	PFE1610w	2526835	2526834	5833.PFE1615c	5833.PFE1610w	0	0	0	0	0.730	0	0	0	0.730
PFF0495w	PF11_0337	2526934	2524381	5833.PFF0495w	5833.PF11_0337	0.049	0	0	0	0.378	0.577	0	0	0.727
PF14_0709	PF14_0270	2525598	2525160	5833.PF14_0709	5833.PF14_0270	0.052	0	0	0	0.344	0.593	0	0	0.724
PFE0050w	PF14_0240	2526532	2525130	5833.PFE0050w	5833.PF14_0240	0	0	0	0	0.723	0	0	0	0.723
PFE0060w	PF14_0731	2526534	2525619	5833.PFE0060w	5833.PF14_0730	0	0	0	0	0.722	0	0	0	0.722
PF14_0709	PF13_0268	2525598	2524806	5833.PF14_0709	5833.PF13_0268	0.053	0	0	0	0.362	0.577	0	0	0.722
PFD0600c	PF14_0709	2526395	2525598	5833.PFD0600c	5833.PF14_0709	0.055	0	0	0	0.361	0.577	0	0	0.722
PF13_0268	MAL7P1.81	2524806	2523220	5833.PF13_0268	5833.MAL7P1.81	0	0	0	0	0.706	0.079	0	0	0.718
PF14_0063	PF10_0045	2524957	2523718	5833.PF14_0063	5833.PF10_0045	0	0	0	0	0.717	0	0	0	0.717
PF14_0709	L22	2525598	2525532	5833.PF14_0709	5833.PF14_0642	0.053	0	0	0	0.345	0.577	0	0	0.715
PFC0785c	PF13_0033	2526214	2524584	5833.PFC0785c	5833.PF13_0033	0	0	0	0	0.218	0.650	0	0	0.714
PFL1050w	PFA_0550w	2527738	2525777	5833.PFL1050w	5833.PFA0550w	0	0	0	0	0.710	0	0	0	0.710
PFF0495w	PF10_0272	2526934	2523949	5833.PFF0495w	5833.PF10_0272	0.045	0	0	0	0.344	0.574	0	0	0.709
PFL2180w	PFF0495w	2527967	2526934	5833.PFL2180w	5833.PFF0495w	0.045	0	0	0	0.344	0.574	0	0	0.709
PFI0235w	PF13_0033	2527201	2524584	5833.PFI0235w	5833.PF13_0033	0	0	0	0	0.709	0	0	0	0.709
PFI0235w	PF10_0045	2527201	2523718	5833.PFI0235w	5833.PF10_0045	0	0	0	0	0.709	0	0	0	0.709
PFA_0550w	PF07_0113	2525777	2523517	5833.PFA0550w	5833.PF07_0113	0	0	0	0	0.705	0	0	0	0.705
PfCyP19	PF14_0240	2526256	2525130	5833.PFC0975c	5833.PF14_0240	0	0	0	0	0.692	0.084	0	0	0.705
PFC0675c	L22	2526191	2525532	5833.PFC0675c	5833.PF14_0642	0	0	0	0	0.333	0.575	0	0	0.704
PF14_0709	PF10_0272	2525598	2523949	5833.PF14_0709	5833.PF10_0272	0.054	0	0	0	0.322	0.574	0	0	0.703
PF11_0117	1-cyspxn	2524172	2523668	5833.PF11_0117	5833.PF08_0131	0	0	0	0	0.687	0.089	0	0	0.703
PF11_0117	PfLigI	2524172	2522830	5833.PF11_0117	5833.MAL13P1.22	0	0	0	0	0.584	0.313	0	0	0.701
PFC0995c	MAL7P1.132	2526259	2523095	5833.PFC0995c	5833.MAL7P1.132	0	0	0	0	0.700	0	0	0	0.700
PFI0750c	PF08_0097	2527305	2523634	5833.PFI0750c	5833.PF08_0097	0	0	0	0	0.699	0	0	0	0.699
PF13_0268	PF11_0337	2524806	2524381	5833.PF13_0268	5833.PF11_0337	0.196	0	0	0	0.482	0.334	0	0	0.698
PFL2180w	PF14_0709	2527967	2525598	5833.PFL2180w	5833.PF14_0709	0.054	0	0	0	0.304	0.576	0	0	0.696
PFA_0180w	PF08_0127	2525705	2523664	5833.PFA0180w	5833.PF08_0127	0	0	0	0	0.693	0	0	0	0.693
PFD0600c	PF13_0268	2526395	2524806	5833.PFD0600c	5833.PF13_0268	0.196	0	0	0	0.470	0.334	0	0	0.691
PF14_0477	PF10_0272	2525362	2523949	5833.PF14_0477	5833.PF10_0272	0.062	0	0	0	0.270	0.581	0	0	0.688
PFL1260w	PF10_0161	2527780	2523840	5833.PFL1260w	5833.PF10_0161	0	0	0	0	0.688	0	0	0	0.688
PFF0825c	gS	2527003	2526641	5833.PFF0825c	5833.PFE0605c	0	0	0	0	0.687	0	0	0	0.687
PFL1655c	PF10_0363	2527861	2524039	5833.PFL1655c	5833.PF10_0363	0	0	0	0	0.095	0.093	0.650	0	0.687
PFL1670c	MAL13P1.140	2527864	2522749	5833.PFL1670c	5833.MAL13P1.140	0	0	0	0	0.685	0	0	0	0.685
PFI1625c	PF10_0081	2527485	2523759	5833.PFI1625c	5833.PF10_0081	0.044	0	0	0	0.288	0.574	0	0	0.684
GTP-CH	PF11_0058	2527759	2524118	5833.PFL1155w	5833.PF11_0058.1	0	0	0	0	0.244	0	0.600	0	0.684
L22	PF14_0270	2525532	2525160	5833.PF14_0642	5833.PF14_0270	0.155	0	0	0	0.483	0.332	0	0	0.683
PFD0565c	PFD0455w	2526390	2526370	5833.PFD0565c	5833.PFD0455w	0	0	0	0	0.547	0.329	0	0	0.683
PFL1655c	PfLigI	2527861	2522830	5833.PFL1655c	5833.MAL13P1.22	0	0	0	0	0.683	0	0	0	0.683
PF14_0068	PF08_0100	2524962	2523637	5833.PF14_0068	5833.PF08_0100	0	0	0	0	0.628	0.183	0	0	0.683
PFF0120w	PF14_0403	2526859	2525290	5833.PFF0120w	5833.PF14_0403	0	0	0	0	0.224	0.607	0	0	0.682
PK7	PfMAP1	2525943	2525184	5833.PFB0605w	5833.PF14_0294	0	0	0	0.611	0.229	0.605	0	0	0.682
PF10_0045	MAL7P1.132	2523718	2523095	5833.PF10_0045	5833.MAL7P1.132	0	0	0	0	0.681	0	0	0	0.681
PF14_0240	PF14_0068	2525130	2524962	5833.PF14_0240	5833.PF14_0068	0	0	0	0	0.680	0	0	0	0.680
PF14_0240	MAL7P1.81	2525130	2523220	5833.PF14_0240	5833.MAL7P1.81	0	0	0	0	0.679	0	0	0	0.679
GTP-CH	PFA_0150c	2527759	2525699	5833.PFL1155w	5833.PFA0150c	0	0	0	0	0	0.678	0	0	0.678
PFF0695w	PFA_0150c	2526977	2525699	5833.PFF0695w	5833.PFA0150c	0	0	0	0	0	0.678	0	0	0.678
PF10_0045	MAL13P1.140	2523718	2522749	5833.PF10_0045	5833.MAL13P1.140	0	0	0	0	0.677	0	0	0	0.677
PFC0675c	PF13_0268	2526191	2524806	5833.PFC0675c	5833.PF13_0268	0	0	0	0	0.271	0.575	0	0	0.676
PFE0790c	PfGLP-1	2526676	2526085	5833.PFE0790c	5833.PFC0205c	0.215	0	0	0	0.085	0.584	0	0	0.675
PFI0910w	PF14_0470	2527338	2525355	5833.PFI0910w	5833.PF14_0470	0	0	0	0	0.260	0.579	0	0	0.675
PFE0050w	PF13_0268	2526532	2524806	5833.PFE0050w	5833.PF13_0268	0	0	0	0	0.674	0	0	0	0.674
PFE0060w	PF08_0132	2526534	2523669	5833.PFE0060w	5833.PF08_0132	0	0	0	0	0.674	0	0	0	0.674
PFA_0295c	MAL8P1.56	2525727	2523361	5833.PFA0295c	5833.MAL8P1.56	0	0	0	0	0.670	0	0	0	0.670
PFD1205w	PFD1005c	2526516	2526477	5833.PFD1205w	5833.PFD1005c	0	0	0	0	0.668	0	0	0	0.668
PF14_0709	PF14_0477	2525598	2525362	5833.PF14_0709	5833.PF14_0477	0.208	0	0	0	0.082	0.580	0	0	0.667
PF14_0068	MAL7P1.81	2524962	2523220	5833.PF14_0068	5833.MAL7P1.81	0	0	0	0	0.667	0	0	0	0.667
PFA_0150c	PF08_0064	2525699	2523601	5833.PFA0150c	5833.PF08_0064	0	0	0	0	0.249	0.575	0	0	0.667
PK7	1-cyspxn	2525943	2523668	5833.PFB0605w	5833.PF08_0131	0	0	0	0	0.666	0	0	0	0.666
PFL1670c	PFD0692c	2527864	2526412	5833.PFL1670c	5833.PFD0692c	0	0	0	0	0.665	0	0	0	0.665
MAL8P1.75a	MAL8P1.75	2523382	2523381	5833.MAL8P1.75a	5833.MAL8P1.75	0.045	0.653	0	0	0.071	0	0	0	0.665
PF14_0270	PF07_0113	2525160	2523517	5833.PF14_0270	5833.PF07_0113	0	0	0	0	0.518	0.332	0	0	0.664
PFI0355c	PF10_0045	2527227	2523718	5833.PFI0355c	5833.PF10_0045	0	0	0	0	0.664	0	0	0	0.664
PF14_0477	PF13_0170	2525362	2524711	5833.PF14_0477	5833.PF13_0170	0.118	0	0	0	0.475	0.334	0	0	0.664
PFI0910w	PFI0235w	2527338	2527201	5833.PFI0910w	5833.PFI0235w	0	0	0	0	0.233	0.580	0	0	0.664
PF14_0166	PF13_0170	2525057	2524711	5833.PF14_0166	5833.PF13_0170	0.122	0	0	0	0.404	0.410	0	0	0.664
PFE0060w	PFA_0160c	2526534	2525701	5833.PFE0060w	5833.PFA0160c	0	0	0	0	0.664	0	0	0	0.664
PF14_0315	PF10_0045	2525202	2523718	5833.PF14_0315	5833.PF10_0045	0	0	0	0	0.661	0	0	0	0.661
PFL1045w	PF08_0097	2527737	2523634	5833.PFL1045w	5833.PF08_0097	0	0	0	0	0.661	0	0	0	0.661
PF13_0330	MAL7P1.150	2524864	2523109	5833.PF13_0330	5833.MAL7P1.150	0	0	0	0	0.660	0	0	0	0.660
PFF0825c	PF14_0068	2527003	2524962	5833.PFF0825c	5833.PF14_0068	0	0	0	0	0.660	0	0	0	0.660
PF11_0203	PF08_0006	2524252	2523543	5833.PF11_0203	5833.PF08_0006	0.053	0	0	0	0.237	0.565	0	0	0.658
PF14_0470	PF14_0278	2525355	2525168	5833.PF14_0470	5833.PF14_0278	0	0	0	0	0.222	0.579	0	0	0.658
PFL1045w	PFL0450c	2527737	2527616	5833.PFL1045w	5833.PFL0450c	0	0	0	0	0.656	0	0	0	0.656
PF13_0330	PF11_0061	2524864	2524121	5833.PF13_0330	5833.PF11_0061	0	0	0	0	0	0.655	0	0	0.655
PFB0055c	PF11_0140	2525822	2524190	5833.PFB0055c	5833.PF11_0140	0	0	0	0	0.654	0	0	0	0.654
PFE0215w	MAL8P1.85	2526565	2523393	5833.PFE0215w	5833.MAL8P1.85	0	0	0	0	0.654	0	0	0	0.654
PFL2180w	L22	2527967	2525532	5833.PFL2180w	5833.PF14_0642	0.155	0	0	0	0.432	0.332	0	0	0.651
PFL2010c	PFE0215w	2527932	2526565	5833.PFL2010c	5833.PFE0215w	0	0	0	0.547	0.516	0.309	0	0	0.651
PFL2010c	PF11_0077	2527932	2524137	5833.PFL2010c	5833.PF11_0077	0	0	0	0	0.516	0.309	0	0	0.651
PFF0825c	PFC0675c	2527003	2526191	5833.PFF0825c	5833.PFC0675c	0	0	0	0	0.651	0	0	0	0.651
PFI0235w	PfLigI	2527201	2522830	5833.PFI0235w	5833.MAL13P1.22	0	0	0	0	0.609	0.142	0	0	0.650
PFL1045w	PFI0750c	2527737	2527305	5833.PFL1045w	5833.PFI0750c	0	0	0	0	0.650	0	0	0	0.650
PF14_0240	PF13_0257	2525130	2524795	5833.PF14_0240	5833.PF13_0257	0	0	0	0	0.495	0.334	0	0	0.649
ROM9	PFC0675c	2526669	2526191	5833.PFE0755c	5833.PFC0675c	0	0	0	0	0.649	0	0	0	0.649
PFA_0520c	PF11_0117	2525771	2524172	5833.PFA0520c	5833.PF11_0117	0	0	0	0	0.649	0	0	0	0.649
PFD0090c	PF08_0132	2526302	2523669	5833.PFD0090c	5833.PF08_0132	0	0	0	0	0.648	0	0	0	0.648
PF08_0094	MAL13P1.140	2523631	2522749	5833.PF08_0094	5833.MAL13P1.140	0	0	0	0	0.647	0	0	0	0.647
HslV	PFI0355c	2527822	2527227	5833.PFL1465c	5833.PFI0355c	0.397	0.263	0	0	0.269	0	0	0	0.646
PF13_0033	PF10_0045	2524584	2523718	5833.PF13_0033	5833.PF10_0045	0	0	0	0	0.646	0	0	0	0.646
PF14_0068	PF13_0330	2524962	2524864	5833.PF14_0068	5833.PF13_0330	0	0	0	0	0.575	0.200	0	0	0.645
PF14_0240	PF13_0170	2525130	2524711	5833.PF14_0240	5833.PF13_0170	0	0	0	0	0.489	0.334	0	0	0.645
PFL1655c	MAL8P1.113	2527861	2523252	5833.PFL1655c	5833.MAL8P1.113	0	0	0	0	0.645	0	0	0	0.645
PFE1335c	PFE0050w	2526786	2526532	5833.PFE1335c	5833.PFE0050w	0	0	0	0	0.645	0	0	0	0.645
PFI1645c	PF14_0166	2527489	2525057	5833.PFI1645c	5833.PF14_0166	0	0	0	0	0.622	0.094	0	0	0.643
PFB0160w	PF14_0470	2525845	2525355	5833.PFB0160w	5833.PF14_0470	0	0	0	0	0.125	0.608	0	0	0.642
PFE1155c	MAL13P1.47	2526749	2522997	5833.PFE1155c	5833.MAL13P1.47	0.046	0	0	0	0.485	0.329	0	0	0.642
PFI0865w	PFB0715w	2527329	2525966	5833.PFI0865w	5833.PFB0715w	0.052	0	0	0	0.169	0.583	0	0	0.642
PFD0090c	PF14_0731	2526302	2525619	5833.PFD0090c	5833.PF14_0730	0	0	0	0	0.642	0	0	0	0.642
PF14_0068	PF07_0080	2524962	2523482	5833.PF14_0068	5833.PF07_0080	0	0	0	0	0.618	0.093	0	0	0.639
PF14_0031a	PfLigI	2524926	2522830	5833.PF14_0031a	5833.MAL13P1.22	0	0	0	0	0.638	0	0	0	0.638
PFL0850w	MAL8P1.113	2527698	2523252	5833.PFL0850w	5833.MAL8P1.113	0	0	0	0	0.161	0.584	0	0	0.636
PF10_0153	PF08_0132	2523831	2523669	5833.PF10_0153	5833.PF08_0132	0.060	0	0	0	0.615	0.077	0	0	0.636
PFE0215w	PF07_0113	2526565	2523517	5833.PFE0215w	5833.PF07_0113	0	0	0	0	0.615	0.093	0	0	0.635
PFL1045w	PF08_0011	2527737	2523548	5833.PFL1045w	5833.PF08_0011	0.047	0	0	0	0.633	0	0	0	0.635
PF14_0240	PF10_0363	2525130	2524039	5833.PF14_0240	5833.PF10_0363	0	0	0	0	0.200	0.563	0	0	0.635
PFE0255w	PF08_0100	2526573	2523637	5833.PFE0255w	5833.PF08_0100	0	0	0	0	0.166	0.578	0	0	0.633
PFB0265c	PFB0160w	2525871	2525845	5833.PFB0265c	5833.PFB0160w	0	0	0	0	0.100	0.607	0	0	0.631
PF11_0061	PF08_0100	2524121	2523637	5833.PF11_0061	5833.PF08_0100	0	0	0	0	0.079	0.616	0	0	0.631
ROM9	PF11_0256	2526669	2524301	5833.PFE0755c	5833.PF11_0256	0.046	0	0	0	0.628	0	0	0	0.630
PFC0995c	PFB0590w	2526259	2525939	5833.PFC0995c	5833.PFB0590w	0	0	0	0	0.630	0	0	0	0.630
PFL1655c	PF11_0117	2527861	2524172	5833.PFL1655c	5833.PF11_0117	0	0	0	0	0.609	0.092	0	0	0.630
PF14_0746	FIKK7.1	2525634	2523103	5833.PF14_0746	5833.MAL7P1.144	0	0	0	0	0.630	0	0	0	0.630
PFL2010c	PF07_0100	2527932	2523503	5833.PFL2010c	5833.PF07_0100	0.060	0	0	0	0.603	0.086	0	0	0.629
PF14_0031a	MAL8P1.113	2524926	2523252	5833.PF14_0031a	5833.MAL8P1.113	0	0	0	0	0.615	0.077	0	0	0.629
PFL2010c	PF07_0125	2527932	2523529	5833.PFL2010c	5833.PF07_0125	0.042	0	0	0	0.607	0.093	0	0	0.628
PFL1710c	PFF0495w	2527872	2526934	5833.PFL1710c	5833.PFF0495w	0.109	0	0	0	0.085	0.579	0	0	0.626
PFA_0295c	PF10_0045	2525727	2523718	5833.PFA0295c	5833.PF10_0045	0	0	0	0	0.625	0	0	0	0.625
PFF0695w	PF13_0122	2526977	2524663	5833.PFF0695w	5833.PF13_0122	0	0	0	0	0.138	0.582	0	0	0.624
PFI0235w	PF14_0278	2527201	2525168	5833.PFI0235w	5833.PF14_0278	0	0	0	0	0.136	0.580	0	0	0.621
PFA_0520c	PF11_0061	2525771	2524121	5833.PFA0520c	5833.PF11_0061	0	0	0	0	0.127	0.584	0	0	0.621
PF08_0127	PF07_0125	2523664	2523529	5833.PF08_0127	5833.PF07_0125	0	0	0	0	0.621	0	0	0	0.621
PFL2180w	PF13_0268	2527967	2524806	5833.PFL2180w	5833.PF13_0268	0.155	0	0	0	0.381	0.332	0	0	0.620
GTP-CH	PFB0715w	2527759	2525966	5833.PFL1155w	5833.PFB0715w	0.049	0	0	0	0.083	0	0.600	0	0.620
PFE1610w	MAL13P1.465	2526834	2522996	5833.PFE1610w	5833.MAL13P1.465	0	0	0	0	0.620	0	0	0	0.620
PF11_0337	PF10_0272	2524381	2523949	5833.PF11_0337	5833.PF10_0272	0.155	0	0	0	0.381	0.332	0	0	0.620
L22	PF10_0272	2525532	2523949	5833.PF14_0642	5833.PF10_0272	0.155	0	0	0	0.381	0.332	0	0	0.620
PF14_0270	PF13_0268	2525160	2524806	5833.PF14_0270	5833.PF13_0268	0.155	0	0	0	0.381	0.332	0	0	0.620
PF14_0270	PF10_0272	2525160	2523949	5833.PF14_0270	5833.PF10_0272	0.120	0	0	0	0.407	0.328	0	0	0.619
PF14_0315	PF14_0063	2525202	2524957	5833.PF14_0315	5833.PF14_0063	0	0	0	0	0.618	0	0	0	0.618
PFI0235w	PF11_0117	2527201	2524172	5833.PFI0235w	5833.PF11_0117	0	0	0	0	0.506	0.259	0	0	0.618
PFD0600c	PF10_0272	2526395	2523949	5833.PFD0600c	5833.PF10_0272	0.155	0	0	0	0.379	0.332	0	0	0.618
PFC0995c	PF13_0033	2526259	2524584	5833.PFC0995c	5833.PF13_0033	0	0	0	0	0.615	0	0	0	0.615
PF14_0315	PF13_0033	2525202	2524584	5833.PF14_0315	5833.PF13_0033	0	0	0	0	0.615	0	0	0	0.615
PFD0600c	PF14_0477	2526395	2525362	5833.PFD0600c	5833.PF14_0477	0.089	0	0	0	0.082	0.577	0	0	0.615
PFL1045w	PFI1645c	2527737	2527489	5833.PFL1045w	5833.PFI1645c	0.118	0	0	0	0.582	0	0	0	0.615
PFA_0550w	PF14_0414	2525777	2525301	5833.PFA0550w	5833.PF14_0414	0	0	0	0	0.613	0	0	0	0.613
PFF0235c	PF14_0403	2526882	2525290	5833.PFF0235c	5833.PF14_0403	0	0	0	0	0.613	0	0	0	0.613
PFD0090c	PF10_0363	2526302	2524039	5833.PFD0090c	5833.PF10_0363	0	0	0	0	0.613	0	0	0	0.613
PFA_0550w	PF14_0270	2525777	2525160	5833.PFA0550w	5833.PF14_0270	0	0	0	0	0.613	0	0	0	0.613
PFF0235c	gS	2526882	2526641	5833.PFF0235c	5833.PFE0605c	0	0	0	0	0.610	0	0	0	0.610
PF10_0360	MAL13P1.140	2524036	2522749	5833.PF10_0360	5833.MAL13P1.140	0	0	0	0	0.610	0	0	0	0.610
PF14_0327	PF13_0257	2525214	2524795	5833.PF14_0327	5833.PF13_0257	0.066	0	0	0	0.531	0.181	0	0	0.610
PF13_0267	PF10_0161	2524805	2523840	5833.PF13_0267	5833.PF10_0161	0	0	0	0	0.610	0	0	0	0.610
PfSAMS	PF10_0340	2527374	2524019	5833.PFI1090w	5833.PF10_0340	0.107	0	0	0	0.582	0	0	0	0.610
PF13_0170	PF10_0272	2524711	2523949	5833.PF13_0170	5833.PF10_0272	0.063	0	0	0	0.431	0.326	0	0	0.609
PF14_0477	PF13_0033	2525362	2524584	5833.PF14_0477	5833.PF13_0033	0.063	0	0	0	0.600	0	0	0	0.609
PF14_0314	PF11_0061	2525201	2524121	5833.PF14_0314	5833.PF11_0061	0	0	0	0	0.097	0.584	0	0	0.608
PF14_0477	PF11_0337	2525362	2524381	5833.PF14_0477	5833.PF11_0337	0.062	0	0	0	0.086	0.577	0	0	0.605
L22	PF14_0477	2525532	2525362	5833.PF14_0642	5833.PF14_0477	0.063	0	0	0	0.083	0.577	0	0	0.604
PFL0495c	PFE0215w	2527625	2526565	5833.PFL0495c	5833.PFE0215w	0.056	0	0	0	0.582	0.077	0	0	0.603
PF10_0148	MAL13P1.322	2523826	2522937	5833.PF10_0148	5833.MAL13P1.322	0	0	0	0	0.083	0.584	0	0	0.602
PFE0215w	PF10_0360	2526565	2524036	5833.PFE0215w	5833.PF10_0360	0.052	0	0	0	0.581	0.077	0	0	0.601
PFB0265c	PF14_0470	2525871	2525355	5833.PFB0265c	5833.PF14_0470	0	0	0	0	0.116	0.567	0	0	0.600
PF14_0477	PF14_0270	2525362	2525160	5833.PF14_0477	5833.PF14_0270	0.064	0	0	0	0.198	0.511	0	0	0.600
PFL1305c	PFA_0295c	2527789	2525727	5833.PFL1305c	5833.PFA0295c	0	0	0	0	0.598	0	0	0	0.598
PF14_0720	PF13_0122	2525609	2524663	5833.PF14_0720	5833.PF13_0122	0	0	0	0	0.094	0.575	0	0	0.598
HslV	PF13_0043	2527822	2524594	5833.PFL1465c	5833.PF13_0043	0	0	0	0	0.598	0	0	0	0.598
PFL1655c	PFE0215w	2527861	2526565	5833.PFL1655c	5833.PFE0215w	0	0	0	0	0.582	0.077	0	0	0.597
PFF0825c	PF13_0330	2527003	2524864	5833.PFF0825c	5833.PF13_0330	0	0	0	0	0.596	0	0	0	0.596
PF08_0021	MAL13P1.245	2523558	2522858	5833.PF08_0021	5833.MAL13P1.245	0	0	0	0	0.082	0.577	0	0	0.595
PF14_0063	MAL7P1.132	2524957	2523095	5833.PF14_0063	5833.MAL7P1.132	0	0	0	0	0.593	0	0	0	0.593
PFL1710c	PF11_0337	2527872	2524381	5833.PFL1710c	5833.PF11_0337	0	0	0	0	0.082	0.575	0	0	0.593
PFL1710c	PF13_0268	2527872	2524806	5833.PFL1710c	5833.PF13_0268	0	0	0	0	0.083	0.574	0	0	0.592
PF14_0166	PF14_0068	2525057	2524962	5833.PF14_0166	5833.PF14_0068	0	0	0	0	0.592	0	0	0	0.592
PFL1710c	L22	2527872	2525532	5833.PFL1710c	5833.PF14_0642	0	0	0	0	0.083	0.574	0	0	0.592
PFL0850w	Pfcrk-3	2527698	2526422	5833.PFL0850w	5833.PFD0740w	0	0	0	0	0.082	0.574	0	0	0.592
PFL0850w	MAL13P1.196	2527698	2522808	5833.PFL0850w	5833.MAL13P1.196	0	0	0	0	0.081	0.574	0	0	0.591
PFL2180w	PF14_0477	2527967	2525362	5833.PFL2180w	5833.PF14_0477	0.062	0	0	0	0.127	0.541	0	0	0.591
PF11_0061	MAL7P1.83	2524121	2523222	5833.PF11_0061	5833.MAL7P1.83	0	0	0	0	0	0.584	0	0	0.584
PFL0450c	PF08_0097	2527616	2523634	5833.PFL0450c	5833.PF08_0097	0	0	0	0	0.584	0	0	0	0.584
PFL1670c	PF14_0618	2527864	2525509	5833.PFL1670c	5833.PF14_0618	0	0	0	0	0.583	0	0	0	0.583
Rab5a	PFA_0550w	2525921	2525777	5833.PFB0500c	5833.PFA0550w	0	0	0	0	0.583	0	0	0	0.583
PFC0995c	PFA_0550w	2526259	2525777	5833.PFC0995c	5833.PFA0550w	0	0	0	0	0.583	0	0	0	0.583
PF14_0748	MAL13P1.475	2525636	2522999	5833.PF14_0748	5833.MAL13P1.475	0	0	0	0	0.583	0	0	0	0.583
MIF	PF10_0289	2527812	2523966	5833.PFL1420w	5833.PF10_0289	0	0	0	0	0.583	0	0	0	0.583
PFL1305c	MAL8P1.56	2527789	2523361	5833.PFL1305c	5833.MAL8P1.56	0	0	0	0	0.582	0	0	0	0.582
PFI1825w	PFI0010c	2527526	2527156	5833.PFI1825w	5833.PFI0010c	0	0	0	0.954	0.582	0	0	0	0.582
PF08_0094	MAL8P1.56	2523631	2523361	5833.PF08_0094	5833.MAL8P1.56	0	0	0	0	0.582	0	0	0	0.582
PFF0335c	MAL13P1.140	2526902	2522749	5833.PFF0335c	5833.MAL13P1.140	0	0	0	0	0.582	0	0	0	0.582
PFL1045w	PFI1150w	2527737	2527386	5833.PFL1045w	5833.PFI1150w	0	0	0	0	0.582	0	0	0	0.582
PFE1245w	PFE0060w	2526768	2526534	5833.PFE1245w	5833.PFE0060w	0	0	0	0	0.582	0	0	0	0.582
PFI0750c	PF11_0140	2527305	2524190	5833.PFI0750c	5833.PF11_0140	0	0	0	0	0.582	0	0	0	0.582
PFI1825w	PFI0035c	2527526	2527161	5833.PFI1825w	5833.PFI0035c	0	0	0	0.964	0.582	0	0	0	0.582
PF14_0403	PF10_0363	2525290	2524039	5833.PF14_0403	5833.PF10_0363	0	0	0	0	0.582	0	0	0	0.582
PFC0995c	PF10_0360	2526259	2524036	5833.PFC0995c	5833.PF10_0360	0	0	0	0	0.582	0	0	0	0.582
PFD0692c	PF14_0238	2526412	2525128	5833.PFD0692c	5833.PF14_0238	0	0	0	0	0.582	0	0	0	0.582
PF11_0140	PF08_0097	2524190	2523634	5833.PF11_0140	5833.PF08_0097	0	0	0	0	0.582	0	0	0	0.582
PFE0050w	PF10_0272	2526532	2523949	5833.PFE0050w	5833.PF10_0272	0	0	0	0	0.582	0	0	0	0.582
PFE0875c	PF14_0523	2526693	2525411	5833.PFE0875c	5833.PF14_0523	0	0	0	0	0.582	0	0	0	0.582
PFE0215w	PF14_0255	2526565	2525145	5833.PFE0215w	5833.PF14_0255	0	0	0	0	0.581	0	0	0	0.581
PFE1160w	PFE1155c	2526750	2526749	5833.PFE1160w	5833.PFE1155c	0	0	0	0	0.581	0	0	0	0.581
Rab5a	PF07_0113	2525921	2523517	5833.PFB0500c	5833.PF07_0113	0	0	0	0	0.581	0	0	0	0.581
PFA_0160c	PF08_0132	2525701	2523669	5833.PFA0160c	5833.PF08_0132	0	0	0	0	0.581	0	0	0	0.581
PFL1670c	PFI1615w	2527864	2527482	5833.PFL1670c	5833.PFI1615w	0	0	0	0	0.581	0	0	0	0.581
PFL1305c	PF10_0360	2527789	2524036	5833.PFL1305c	5833.PF10_0360	0	0	0	0	0.581	0	0	0	0.581
PFC0995c	PF10_0045	2526259	2523718	5833.PFC0995c	5833.PF10_0045	0	0	0	0	0.581	0	0	0	0.581
PFL1050w	MAL13P1.140	2527738	2522749	5833.PFL1050w	5833.MAL13P1.140	0	0	0	0	0.581	0	0	0	0.581
PFI0235w	PF14_0063	2527201	2524957	5833.PFI0235w	5833.PF14_0063	0	0	0	0	0.581	0	0	0	0.581
PFE0050w	PF08_0006	2526532	2523543	5833.PFE0050w	5833.PF08_0006	0	0	0	0	0.581	0	0	0	0.581
PFL1670c	PPR	2527864	2524955	5833.PFL1670c	5833.PF14_0061	0	0	0	0	0.581	0	0	0	0.581
PFI1360c	PFC0995c	2527429	2526259	5833.PFI1360c	5833.PFC0995c	0	0	0	0	0.580	0	0	0	0.580
MAL8P1.113	PfLigI	2523252	2522830	5833.MAL8P1.113	5833.MAL13P1.22	0	0	0	0	0.580	0	0	0	0.580
PFE0050w	PF08_0132	2526532	2523669	5833.PFE0050w	5833.PF08_0132	0	0	0	0	0.580	0	0	0	0.580
PFL0450c	PF13_0122	2527616	2524663	5833.PFL0450c	5833.PF13_0122	0	0	0	0	0.579	0	0	0	0.579
PFL1305c	PFD0692c	2527789	2526412	5833.PFL1305c	5833.PFD0692c	0	0	0	0	0.579	0	0	0	0.579
PF14_0314	PF11_0117	2525201	2524172	5833.PF14_0314	5833.PF11_0117	0	0	0	0	0.579	0	0	0	0.579
PFI0035c	PFD0015c	2527161	2526286	5833.PFI0035c	5833.PFD0015c	0	0	0	0.929	0.578	0	0	0	0.578
PFL2010c	PF10_0289	2527932	2523966	5833.PFL2010c	5833.PF10_0289	0.050	0	0	0	0.556	0.077	0	0	0.576
PFC0995c	Rab5c	2526259	2525735	5833.PFC0995c	5833.PFA0335w	0	0	0	0	0.576	0	0	0	0.576
PFF0695w	PF14_0720	2526977	2525609	5833.PFF0695w	5833.PF14_0720	0	0	0	0	0	0.576	0	0	0.576
PF14_0720	PF10_0148	2525609	2523826	5833.PF14_0720	5833.PF10_0148	0	0	0	0	0	0.575	0	0	0.575
PFL1010c	PfLigI	2527730	2522830	5833.PFL1010c	5833.MAL13P1.22	0	0	0	0	0.574	0	0	0	0.574
PF08_0097	PF08_0011	2523634	2523548	5833.PF08_0097	5833.PF08_0011	0	0	0	0	0.574	0	0	0	0.574
PFI0355c	PF14_0315	2527227	2525202	5833.PFI0355c	5833.PF14_0315	0	0	0	0	0.571	0	0	0	0.571
PFF0825c	PF08_0006	2527003	2523543	5833.PFF0825c	5833.PF08_0006	0	0	0	0	0.545	0.094	0	0	0.570
AQP	PF10_0081	2524382	2523759	5833.PF11_0338	5833.PF10_0081	0.196	0	0	0	0.482	0	0	0	0.565
PFF0825c	MAL13P1.465	2527003	2522996	5833.PFF0825c	5833.MAL13P1.465	0	0	0	0	0.565	0	0	0	0.565
PFL1010c	PF10_0045	2527730	2523718	5833.PFL1010c	5833.PF10_0045	0	0	0	0	0.564	0	0	0	0.564
PF10_0360	MAL8P1.56	2524036	2523361	5833.PF10_0360	5833.MAL8P1.56	0	0	0	0	0.564	0	0	0	0.564
PFE0050w	PF14_0731	2526532	2525619	5833.PFE0050w	5833.PF14_0730	0	0	0	0	0.562	0	0	0	0.562
PFD0600c	PF14_0068	2526395	2524962	5833.PFD0600c	5833.PF14_0068	0	0	0	0	0.214	0.466	0	0	0.562
Pfcrk-3	PF13_0257	2526422	2524795	5833.PFD0740w	5833.PF13_0257	0	0	0	0	0.562	0	0	0	0.562
PF11_0488	MAL8P1.33	2524525	2523338	5833.PF11_0488	5833.MAL8P1.33	0	0	0	0	0.562	0	0	0	0.562
PFL1305c	PF08_0064	2527789	2523601	5833.PFL1305c	5833.PF08_0064	0	0	0	0	0.562	0	0	0	0.562
PFL0735w	MAL13P1.227	2527675	2522837	5833.PFL0735w	5833.MAL13P1.227	0	0	0	0	0.395	0.305	0	0	0.561
PFL0495c	PFA_0550w	2527625	2525777	5833.PFL0495c	5833.PFA0550w	0	0	0	0	0.558	0	0	0	0.558
PF11_0324	MAL8P1.113	2524368	2523252	5833.PF11_0324	5833.MAL8P1.113	0	0	0	0	0.557	0	0	0	0.557
PF13_0257	PF10_0272	2524795	2523949	5833.PF13_0257	5833.PF10_0272	0.063	0	0	0	0.353	0.326	0	0	0.555
PF13_0268	PF10_0363	2524806	2524039	5833.PF13_0268	5833.PF10_0363	0.196	0	0	0	0.234	0.332	0	0	0.552
PF10_0363	PF10_0272	2524039	2523949	5833.PF10_0363	5833.PF10_0272	0.155	0	0	0	0.274	0.329	0	0	0.552
PF13_0033	MAL8P1.75	2524584	2523381	5833.PF13_0033	5833.MAL8P1.75	0.048	0	0	0	0.531	0.077	0	0	0.551
PF14_0746	PF08_0001	2525634	2523538	5833.PF14_0746	5833.PF08_0001	0	0	0	0	0.550	0	0	0	0.550
PF13_0268	PF13_0257	2524806	2524795	5833.PF13_0268	5833.PF13_0257	0.061	0	0	0	0.344	0.329	0	0	0.550
Rab5a	MAL8P1.85	2525921	2523393	5833.PFB0500c	5833.MAL8P1.85	0	0	0	0	0.550	0	0	0	0.550
PF13_0268	PF13_0170	2524806	2524711	5833.PF13_0268	5833.PF13_0170	0.061	0	0	0	0.343	0.329	0	0	0.550
PFE0215w	MAL13P1.196	2526565	2522808	5833.PFE0215w	5833.MAL13P1.196	0	0	0	0	0.377	0.307	0	0	0.549
PFL1790w	PF08_0011	2527888	2523548	5833.PFL1790w	5833.PF08_0011	0.058	0	0	0	0.462	0.181	0	0	0.548
PFF0495w	MAL8P1.33	2526934	2523338	5833.PFF0495w	5833.MAL8P1.33	0.198	0	0	0	0.234	0.324	0	0	0.548
PF14_0477	PF13_0257	2525362	2524795	5833.PF14_0477	5833.PF13_0257	0.118	0	0	0	0.293	0.334	0	0	0.548
PF13_0170	PF07_0080	2524711	2523482	5833.PF13_0170	5833.PF07_0080	0	0	0	0	0.350	0.334	0	0	0.548
PF13_0257	PF07_0080	2524795	2523482	5833.PF13_0257	5833.PF07_0080	0	0	0	0	0.350	0.334	0	0	0.548
PF14_0166	PF08_0011	2525057	2523548	5833.PF14_0166	5833.PF08_0011	0.070	0	0	0	0.342	0.316	0	0	0.545
PF10_0081	PfVAMP8	2523759	2522769	5833.PF10_0081	5833.MAL13P1.16	0	0.008	0	0	0.542	0	0	0	0.542
MAL8P1.113	MAL13P1.196	2523252	2522808	5833.MAL8P1.113	5833.MAL13P1.196	0	0	0	0	0.354	0.316	0	0	0.539
PF14_0063	MAL13P1.140	2524957	2522749	5833.PF14_0063	5833.MAL13P1.140	0	0	0	0	0.537	0	0	0	0.537
PF07_0113	MAL8P1.85	2523517	2523393	5833.PF07_0113	5833.MAL8P1.85	0	0	0	0	0.535	0	0	0	0.535
PF10_0360	PF08_0021	2524036	2523558	5833.PF10_0360	5833.PF08_0021	0	0	0	0	0.533	0	0	0	0.533
PFE0215w	PFC0950c	2526565	2526251	5833.PFE0215w	5833.PFC0950c	0.053	0	0	0	0.528	0	0	0	0.533
PFA_0550w	MAL7P1.132	2525777	2523095	5833.PFA0550w	5833.MAL7P1.132	0	0	0	0	0.532	0	0	0	0.532
Pfcrk-3	MAL7P1.150	2526422	2523109	5833.PFD0740w	5833.MAL7P1.150	0	0	0	0	0.532	0	0	0	0.532
PFL1010c	PFI0355c	2527730	2527227	5833.PFL1010c	5833.PFI0355c	0	0	0	0	0.531	0	0	0	0.531
PF13_0257	PF10_0340	2524795	2524019	5833.PF13_0257	5833.PF10_0340	0.103	0	0	0	0.290	0.323	0	0	0.531
PFL0515w	PF10_0225	2527629	2523906	5833.PFL0515w	5833.PF10_0225	0	0	0	0	0.531	0	0	0	0.531
PFI0010c	PFD0015c	2527156	2526286	5833.PFI0010c	5833.PFD0015c	0	0	0	0.934	0.530	0	0	0	0.530
PFI0235w	PF14_0315	2527201	2525202	5833.PFI0235w	5833.PF14_0315	0	0	0	0	0.530	0	0	0	0.530
Pfcrk-3	PFD0565c	2526422	2526390	5833.PFD0740w	5833.PFD0565c	0	0	0	0	0.348	0.309	0	0	0.530
PFL2180w	PF10_0363	2527967	2524039	5833.PFL2180w	5833.PF10_0363	0.155	0	0	0	0.236	0.329	0	0	0.529
PF13_0257	PF10_0028	2524795	2523700	5833.PF13_0257	5833.PF10_0028.1	0	0	0	0	0.450	0.178	0	0	0.528
PFD0600c	PFB0715w	2526395	2525966	5833.PFD0600c	5833.PFB0715w	0.155	0	0	0	0.235	0.329	0	0	0.528
PfABCK1	MAL13P1.69	2523635	2523036	5833.PF08_0098	5833.MAL13P1.69	0	0.508	0	0	0.080	0	0	0	0.528
PFD0090c	PF10_0153	2526302	2523831	5833.PFD0090c	5833.PF10_0153	0	0	0	0	0.525	0	0	0	0.525
PFI1360c	PF10_0360	2527429	2524036	5833.PFI1360c	5833.PF10_0360	0.051	0	0	0	0.520	0	0	0	0.525
PFC0950c	PF10_0045	2526251	2523718	5833.PFC0950c	5833.PF10_0045	0	0	0	0	0.525	0	0	0	0.525
PFD0455w	PF07_0125	2526370	2523529	5833.PFD0455w	5833.PF07_0125	0	0	0	0	0.522	0	0	0	0.522
PF13_0015	PF11_0264	2524566	2524309	5833.PF13_0015	5833.PF11_0264	0	0	0	0	0.521	0	0	0	0.521
PF14_0068	PF10_0289	2524962	2523966	5833.PF14_0068	5833.PF10_0289	0	0	0	0	0.519	0	0	0	0.519
PF14_0270	PF08_0018	2525160	2523555	5833.PF14_0270	5833.PF08_0018	0.049	0	0	0	0.308	0.323	0	0	0.515
PFD0600c	PF08_0018	2526395	2523555	5833.PFD0600c	5833.PF08_0018	0.117	0	0	0	0.246	0.330	0	0	0.515
PFL0055c	PF14_0731	2527539	2525619	5833.PFL0055c	5833.PF14_0730	0	0	0	0	0.514	0	0	0	0.514
PF11_0407	MAL13P1.319	2524444	2522933	5833.PF11_0407	5833.MAL13P1.319	0.418	0	0	0	0.199	0	0	0	0.513
PFL1010c	PF07_0120	2527730	2523524	5833.PFL1010c	5833.PF07_0120	0	0	0	0	0.513	0	0	0	0.513
HslV	PFE0150c	2527822	2526553	5833.PFL1465c	5833.PFE0150c	0.418	0	0	0	0.199	0	0	0	0.513
PFF0235c	PF07_0125	2526882	2523529	5833.PFF0235c	5833.PF07_0125	0	0	0	0	0.513	0	0	0	0.513
PfCyP19	PF10_0272	2526256	2523949	5833.PFC0975c	5833.PF10_0272	0.048	0	0	0	0.509	0	0	0	0.512
L22	MAL13P1.47	2525532	2522997	5833.PF14_0642	5833.MAL13P1.47	0.105	0	0	0	0.472	0	0	0	0.508
PFL0495c	PFI0235w	2527625	2527201	5833.PFL0495c	5833.PFI0235w	0	0	0	0	0.507	0	0	0	0.507
PFL1045w	MAL7P1.81	2527737	2523220	5833.PFL1045w	5833.MAL7P1.81	0	0	0	0	0.507	0	0	0	0.507
PFD0600c	MAL7P1.81	2526395	2523220	5833.PFD0600c	5833.MAL7P1.81	0	0	0	0	0.301	0.323	0	0	0.507
PFE1245w	PF08_0132	2526768	2523669	5833.PFE1245w	5833.PF08_0132	0	0	0	0	0.507	0	0	0	0.507
L22	PF08_0018	2525532	2523555	5833.PF14_0642	5833.PF08_0018	0.048	0	0	0	0.290	0.328	0	0	0.506
PFA_0180w	PF11_0077	2525705	2524137	5833.PFA0180w	5833.PF11_0077	0	0	0	0	0.475	0.094	0	0	0.504
PFE1155c	PF08_0006	2526749	2523543	5833.PFE1155c	5833.PF08_0006	0.103	0	0	0	0.267	0.307	0	0	0.504
PFE0215w	PFA_0180w	2526565	2525705	5833.PFE0215w	5833.PFA0180w	0	0	0	0	0.475	0.094	0	0	0.504
PFE0215w	Rab5a	2526565	2525921	5833.PFE0215w	5833.PFB0500c	0	0	0	0	0.484	0.077	0	0	0.503
PFB0715w	PF13_0170	2525966	2524711	5833.PFB0715w	5833.PF13_0170	0.053	0	0	0	0.476	0.077	0	0	0.502
PFB0265c	PfLigI	2525871	2522830	5833.PFB0265c	5833.MAL13P1.22	0.059	0	0	0	0.312	0.290	0	0	0.500
PF14_0147	PF11_0203	2525039	2524252	5833.PF14_0147	5833.PF11_0203	0.065	0	0	0	0.308	0.288	0	0	0.499
PFB0715w	PF13_0268	2525966	2524806	5833.PFB0715w	5833.PF13_0268	0.155	0	0	0	0.431	0	0	0	0.499
PFC0675c	PF10_0272	2526191	2523949	5833.PFC0675c	5833.PF10_0272	0	0	0	0	0.199	0.399	0	0	0.498
Rab5c	MAL13P1.227	2525735	2522837	5833.PFA0335w	5833.MAL13P1.227	0	0	0	0	0.468	0.094	0	0	0.498
PFE0050w	PF14_0746	2526532	2525634	5833.PFE0050w	5833.PF14_0746	0	0	0	0	0.498	0	0	0	0.497
PFL1670c	PFA_0550w	2527864	2525777	5833.PFL1670c	5833.PFA0550w	0	0	0	0	0.498	0	0	0	0.497
PFA_0165c	PF14_0477	2525702	2525362	5833.PFA0165c	5833.PF14_0477	0	0	0	0	0.498	0	0	0	0.497
PFE0215w	PFA_0550w	2526565	2525777	5833.PFE0215w	5833.PFA0550w	0	0	0	0	0.495	0	0	0	0.495
PFL2180w	MAL8P1.33	2527967	2523338	5833.PFL2180w	5833.MAL8P1.33	0.049	0	0	0	0.287	0.315	0	0	0.495
PFL2180w	PF08_0018	2527967	2523555	5833.PFL2180w	5833.PF08_0018	0.049	0	0	0	0.278	0.324	0	0	0.495
PFL0495c	PFC0950c	2527625	2526251	5833.PFL0495c	5833.PFC0950c	0	0	0	0	0.495	0	0	0	0.495
PF08_0127	MAL13P1.322	2523664	2522937	5833.PF08_0127	5833.MAL13P1.322	0	0	0	0	0.287	0.320	0	0	0.494
PFI1625c	PF08_0006	2527485	2523543	5833.PFI1625c	5833.PF08_0006	0.103	0	0	0	0.251	0.307	0	0	0.494
PFI1195c	PF10_0360	2527395	2524036	5833.PFI1195c	5833.PF10_0360	0.061	0	0	0	0.483	0	0	0	0.493
PF13_0170	PF10_0340	2524711	2524019	5833.PF13_0170	5833.PF10_0340	0.103	0	0	0	0.233	0.323	0	0	0.493
PFC0995c	PF14_0315	2526259	2525202	5833.PFC0995c	5833.PF14_0315	0	0	0	0	0.494	0	0	0	0.493
PF14_0709	PF08_0018	2525598	2523555	5833.PF14_0709	5833.PF08_0018	0.094	0	0	0	0.232	0.329	0	0	0.492
PFL1305c	PF08_0094	2527789	2523631	5833.PFL1305c	5833.PF08_0094	0	0	0	0	0.492	0	0	0	0.491
PFL1305c	PFI1360c	2527789	2527429	5833.PFL1305c	5833.PFI1360c	0	0	0	0	0.492	0	0	0	0.491
PF14_0339	MAL8P1.75	2525226	2523381	5833.PF14_0339	5833.MAL8P1.75	0.094	0	0	0	0.461	0	0	0	0.490
PFL2180w	PF07_0113	2527967	2523517	5833.PFL2180w	5833.PF07_0113	0	0	0	0	0.265	0.332	0	0	0.488
PFI0235w	MAL8P1.113	2527201	2523252	5833.PFI0235w	5833.MAL8P1.113	0	0	0	0	0.487	0	0	0	0.487
PF14_0315	PF14_0020	2525202	2524913	5833.PF14_0315	5833.PF14_0020	0	0	0	0	0.488	0	0	0	0.487
PFF0495w	MAL13P1.47	2526934	2522997	5833.PFF0495w	5833.MAL13P1.47	0.288	0	0	0	0.309	0	0	0	0.487
PFL0515w	PF14_0208	2527629	2525098	5833.PFL0515w	5833.PF14_0208	0	0	0	0	0.486	0	0	0	0.485
PFC0995c	PF07_0113	2526259	2523517	5833.PFC0995c	5833.PF07_0113	0	0	0	0	0.486	0	0	0	0.485
PFI1360c	PF13_0302	2527429	2524839	5833.PFI1360c	5833.PF13_0302	0	0	0	0	0.278	0.315	0	0	0.484
MAL13P1.227	PfVAMP8	2522837	2522769	5833.MAL13P1.227	5833.MAL13P1.16	0	0	0	0	0.258	0.332	0	0	0.483
PFF0825c	PF10_0153	2527003	2523831	5833.PFF0825c	5833.PF10_0153	0	0	0	0	0.336	0.253	0	0	0.483
PFC0950c	PF14_0339	2526251	2525226	5833.PFC0950c	5833.PF14_0339	0.401	0	0	0	0.170	0	0	0	0.482
PFL2440w	MAL13P1.319	2528019	2522933	5833.PFL2440w	5833.MAL13P1.319	0.406	0	0	0	0.164	0	0	0	0.482
PFE0215w	PF14_0063	2526565	2524957	5833.PFE0215w	5833.PF14_0063	0.053	0	0	0	0.475	0	0	0	0.481
PF08_0127	MAL13P1.31	2523664	2522924	5833.PF08_0127	5833.MAL13P1.31	0	0	0	0	0.480	0	0	0	0.480
PFL1305c	MAL13P1.140	2527789	2522749	5833.PFL1305c	5833.MAL13P1.140	0	0	0	0	0.479	0	0	0	0.479
PFI0355c	PF13_0033	2527227	2524584	5833.PFI0355c	5833.PF13_0033	0.058	0	0	0	0.467	0	0	0	0.477
PFB0715w	PF13_0330	2525966	2524864	5833.PFB0715w	5833.PF13_0330	0	0	0	0	0.446	0.094	0	0	0.477
HslV	PF14_0339	2527822	2525226	5833.PFL1465c	5833.PF14_0339	0.418	0	0	0	0.135	0	0	0	0.475
PfLigI	MAL13P1.196	2522830	2522808	5833.MAL13P1.22	5833.MAL13P1.196	0	0	0	0	0.266	0.314	0	0	0.474
PF13_0122	PF10_0148	2524663	2523826	5833.PF13_0122	5833.PF10_0148	0	0	0	0	0	0.473	0	0	0.473
PF11_0117	PF08_0097	2524172	2523634	5833.PF11_0117	5833.PF08_0097	0	0	0	0	0.473	0	0	0	0.473
PFL2010c	PF14_0720	2527932	2525609	5833.PFL2010c	5833.PF14_0720	0.047	0	0	0	0.378	0.181	0	0	0.472
PF14_0255	MAL8P1.85	2525145	2523393	5833.PF14_0255	5833.MAL8P1.85	0	0	0	0	0.471	0	0	0	0.471
PFE0050w	PFA_0160c	2526532	2525701	5833.PFE0050w	5833.PFA0160c	0	0	0	0	0.471	0	0	0	0.471
PFE0215w	PFC0995c	2526565	2526259	5833.PFE0215w	5833.PFC0995c	0	0	0	0	0.470	0	0	0	0.470
PF14_0063	PF13_0021	2524957	2524572	5833.PF14_0063	5833.PF13_0021	0.155	0	0	0	0.361	0.095	0	0	0.468
PFD0565c	PF10_0272	2526390	2523949	5833.PFD0565c	5833.PF10_0272	0.048	0	0	0	0.242	0.323	0	0	0.468
PFA_0550w	PF11_0488	2525777	2524525	5833.PFA0550w	5833.PF11_0488	0	0	0	0	0.468	0	0	0	0.468
PF14_0746	PF14_0273	2525634	2525163	5833.PF14_0746	5833.PF14_0273	0	0	0	0	0.468	0	0	0	0.468
PFL2180w	PFF0825c	2527967	2527003	5833.PFL2180w	5833.PFF0825c	0	0	0	0	0.467	0	0	0	0.467
PF08_0097	PF08_0006	2523634	2523543	5833.PF08_0097	5833.PF08_0006	0	0	0	0	0.467	0	0	0	0.467
PF14_0327	PF10_0272	2525214	2523949	5833.PF14_0327	5833.PF10_0272	0.088	0	0	0	0.234	0.299	0	0	0.467
PFC0515c	PF14_0063	2526159	2524957	5833.PFC0515c	5833.PF14_0063	0.054	0	0	0	0.359	0.192	0	0	0.467
PFE0215w	PFD0455w	2526565	2526370	5833.PFE0215w	5833.PFD0455w	0	0	0	0	0.375	0.181	0	0	0.466
PFD0455w	PF11_0077	2526370	2524137	5833.PFD0455w	5833.PF11_0077	0	0	0	0	0.375	0.181	0	0	0.466
PFF0180w	PFF0150c	2526871	2526865	5833.PFF0180w	5833.PFF0150c	0	0	0	0	0.466	0	0	0	0.465
PFD0090c	PFA_0160c	2526302	2525701	5833.PFD0090c	5833.PFA0160c	0	0	0	0	0.465	0	0	0	0.465
L22	MAL8P1.33	2525532	2523338	5833.PF14_0642	5833.MAL8P1.33	0.042	0	0	0	0.247	0.318	0	0	0.465
PF11_0337	PF10_0363	2524381	2524039	5833.PF11_0337	5833.PF10_0363	0.196	0	0	0	0.085	0.332	0	0	0.465
PFI1360c	PFI0235w	2527429	2527201	5833.PFI1360c	5833.PFI0235w	0	0	0	0	0.465	0	0	0	0.465
PFE0215w	PF13_0033	2526565	2524584	5833.PFE0215w	5833.PF13_0033	0	0	0	0	0.465	0	0	0	0.465
PPR	PF11_0117	2524955	2524172	5833.PF14_0061	5833.PF11_0117	0	0	0	0	0.466	0	0	0	0.465
PFI1625c	PFC0675c	2527485	2526191	5833.PFI1625c	5833.PFC0675c	0	0	0	0	0.252	0.314	0	0	0.465
PF10_0360	MAL8P1.85	2524036	2523393	5833.PF10_0360	5833.MAL8P1.85	0	0	0	0	0.465	0	0	0	0.465
L22	PF10_0363	2525532	2524039	5833.PF14_0642	5833.PF10_0363	0.196	0	0	0	0.083	0.332	0	0	0.464
PFI0235w	MAL8P1.85	2527201	2523393	5833.PFI0235w	5833.MAL8P1.85	0	0	0	0	0.464	0	0	0	0.463
PFL1670c	PFL1050w	2527864	2527738	5833.PFL1670c	5833.PFL1050w	0	0	0	0	0.464	0	0	0	0.463
PFA_0550w	MAL13P1.140	2525777	2522749	5833.PFA0550w	5833.MAL13P1.140	0	0	0	0	0.463	0	0	0	0.463
PFI0235w	PFA_0550w	2527201	2525777	5833.PFI0235w	5833.PFA0550w	0	0	0	0	0.463	0	0	0	0.463
PFE0060w	PF14_0077	2526534	2524971	5833.PFE0060w	5833.PF14_0077	0	0	0	0	0.463	0	0	0	0.463
PF13_0099	PF11_0058	2524646	2524118	5833.PF13_0099	5833.PF11_0058.1	0	0	0	0	0.463	0	0	0	0.463
PFI1645c	PFB0055c	2527489	2525822	5833.PFI1645c	5833.PFB0055c	0	0	0	0	0.463	0	0	0	0.463
PFL1670c	PFE0215w	2527864	2526565	5833.PFL1670c	5833.PFE0215w	0	0	0	0	0.464	0	0	0	0.463
PFE1615c	FIKK7.1	2526835	2523103	5833.PFE1615c	5833.MAL7P1.144	0	0	0	0	0.464	0	0	0	0.463
PFL1010c	PFA_0295c	2527730	2525727	5833.PFL1010c	5833.PFA0295c	0	0	0	0	0.464	0	0	0	0.463
PFI0235w	Rab5a	2527201	2525921	5833.PFI0235w	5833.PFB0500c	0	0	0	0	0.464	0	0	0	0.463
PFD0600c	PF13_0257	2526395	2524795	5833.PFD0600c	5833.PF13_0257	0.061	0	0	0	0.216	0.329	0	0	0.462
PFD0600c	PF13_0170	2526395	2524711	5833.PFD0600c	5833.PF13_0170	0.061	0	0	0	0.216	0.329	0	0	0.462
PFD0565c	PF14_0240	2526390	2525130	5833.PFD0565c	5833.PF14_0240	0.053	0	0	0	0.235	0.317	0	0	0.462
PFD0690c	MAL8P1.24	2526411	2523324	5833.PFD0690c	5833.MAL8P1.24	0	0	0	0	0.462	0	0	0	0.461
PF14_0720	PF08_0127	2525609	2523664	5833.PF14_0720	5833.PF08_0127	0	0	0	0	0.232	0.327	0	0	0.461
PFL1670c	MAL8P1.33	2527864	2523338	5833.PFL1670c	5833.MAL8P1.33	0	0	0	0	0.462	0	0	0	0.461
PF10_0045	PF08_0094	2523718	2523631	5833.PF10_0045	5833.PF08_0094	0	0	0	0	0.461	0	0	0	0.461
PFI0330c	gS	2527221	2526641	5833.PFI0330c	5833.PFE0605c	0	0	0	0	0.461	0	0	0	0.461
PFD0090c	PF11_0058	2526302	2524118	5833.PFD0090c	5833.PF11_0058.1	0	0	0	0	0.461	0	0	0	0.461
L22	PF13_0170	2525532	2524711	5833.PF14_0642	5833.PF13_0170	0.061	0	0	0	0.214	0.329	0	0	0.461
PF14_0477	PF14_0339	2525362	2525226	5833.PF14_0477	5833.PF14_0339	0.413	0	0	0	0.121	0	0	0	0.461
PF14_0403	PF11_0076	2525290	2524136	5833.PF14_0403	5833.PF11_0076	0	0	0	0	0.461	0	0	0	0.461
PfCyP19	PFA_0160c	2526256	2525701	5833.PFC0975c	5833.PFA0160c	0	0	0	0	0.462	0	0	0	0.461
PFL1050w	PFC0995c	2527738	2526259	5833.PFL1050w	5833.PFC0995c	0	0	0	0	0.462	0	0	0	0.461
PFC0950c	PF14_0315	2526251	2525202	5833.PFC0950c	5833.PF14_0315	0	0	0	0	0.461	0	0	0	0.461
PFF0825c	PF10_0272	2527003	2523949	5833.PFF0825c	5833.PF10_0272	0	0	0	0	0.461	0	0	0	0.461
L22	PF13_0257	2525532	2524795	5833.PF14_0642	5833.PF13_0257	0.061	0	0	0	0.214	0.329	0	0	0.461
PF14_0189	PF08_0064	2525080	2523601	5833.PF14_0189	5833.PF08_0064	0	0	0	0	0.460	0	0	0	0.459
PFD0565c	PF13_0268	2526390	2524806	5833.PFD0565c	5833.PF13_0268	0.047	0	0	0	0.236	0.317	0	0	0.459
PFE0215w	PF14_0068	2526565	2524962	5833.PFE0215w	5833.PF14_0068	0	0.001	0	0	0.237	0.319	0	0	0.458
PF14_0068	PF11_0077	2524962	2524137	5833.PF14_0068	5833.PF11_0077	0	0	0	0	0.237	0.319	0	0	0.458
Pfcrk-3	PF08_0087	2526422	2523624	5833.PFD0740w	5833.PF08_0087	0	0	0	0	0.235	0.321	0	0	0.458
PFF0155w	PF08_0006	2526866	2523543	5833.PFF0155w	5833.PF08_0006	0.053	0	0	0	0.238	0.308	0	0	0.457
PF14_0270	PF10_0363	2525160	2524039	5833.PF14_0270	5833.PF10_0363	0.155	0	0	0	0.120	0.329	0	0	0.457
PFD0455w	PF10_0028	2526370	2523700	5833.PFD0455w	5833.PF10_0028.1	0	0	0	0	0.435	0.077	0	0	0.456
PFC0515c	PF10_0153	2526159	2523831	5833.PFC0515c	5833.PF10_0153	0.046	0	0	0	0.431	0.077	0	0	0.455
PF10_0081	MAL7P1.81	2523759	2523220	5833.PF10_0081	5833.MAL7P1.81	0	0	0	0	0.246	0.308	0	0	0.455
PF14_0270	MAL8P1.33	2525160	2523338	5833.PF14_0270	5833.MAL8P1.33	0	0	0	0	0.236	0.316	0	0	0.455
PFL1710c	PFD0600c	2527872	2526395	5833.PFL1710c	5833.PFD0600c	0.044	0	0	0	0.213	0.334	0	0	0.455
PF11_0264	PF08_0127	2524309	2523664	5833.PF11_0264	5833.PF08_0127	0	0	0	0	0.454	0	0	0	0.454
PF14_0270	PF13_0257	2525160	2524795	5833.PF14_0270	5833.PF13_0257	0.062	0	0	0	0.207	0.326	0	0	0.454
PFC0635c	PF10_0028	2526186	2523700	5833.PFC0635c	5833.PF10_0028.1	0	0	0	0	0.235	0.316	0	0	0.454
PF14_0270	PF13_0170	2525160	2524711	5833.PF14_0270	5833.PF13_0170	0.062	0	0	0	0.207	0.326	0	0	0.454
PFI1625c	PFD0600c	2527485	2526395	5833.PFI1625c	5833.PFD0600c	0	0	0	0	0.236	0.314	0	0	0.453
PFL2335w	PF10_0289	2527998	2523966	5833.PFL2335w	5833.PF10_0289	0	0	0	0	0.199	0.344	0	0	0.452
PF14_0068	PF10_0028	2524962	2523700	5833.PF14_0068	5833.PF10_0028.1	0	0	0	0	0.285	0.266	0	0	0.452
PF08_0077	PfLigI	2523614	2522830	5833.PF08_0077	5833.MAL13P1.22	0.416	0	0	0	0.101	0	0	0	0.452
PFI0235w	PF14_0470	2527201	2525355	5833.PFI0235w	5833.PF14_0470	0	0	0	0	0.214	0.331	0	0	0.452
PF13_0257	PF11_0337	2524795	2524381	5833.PF13_0257	5833.PF11_0337	0.064	0	0	0	0.197	0.329	0	0	0.451
GTP-CH	MAL13P1.47	2527759	2522997	5833.PFL1155w	5833.MAL13P1.47	0.342	0	0	0	0.200	0	0	0	0.451
PF13_0170	PF11_0337	2524711	2524381	5833.PF13_0170	5833.PF11_0337	0.064	0	0	0	0.197	0.329	0	0	0.451
PFL1045w	MAL8P1.15	2527737	2523285	5833.PFL1045w	5833.MAL8P1.15	0	0	0	0	0.450	0	0	0	0.450
PFI1360c	MAL13P1.140	2527429	2522749	5833.PFI1360c	5833.MAL13P1.140	0	0	0	0	0.450	0	0	0	0.450
PF13_0295	PF10_0161	2524832	2523840	5833.PF13_0295	5833.PF10_0161	0	0	0	0	0.450	0	0	0	0.450
PF13_0043	PfVAMP8	2524594	2522769	5833.PF13_0043	5833.MAL13P1.16	0	0	0	0	0.234	0.310	0	0	0.449
PF11_0337	PF08_0018	2524381	2523555	5833.PF11_0337	5833.PF08_0018	0.048	0	0	0	0.206	0.330	0	0	0.449
PF14_0470	PF14_0285	2525355	2525175	5833.PF14_0470	5833.PF14_0285	0	0	0	0	0.234	0.308	0	0	0.447
PFC0515c	PF08_0100	2526159	2523637	5833.PFC0515c	5833.PF08_0100	0	0	0	0	0.232	0.310	0	0	0.447
PFL0850w	PF14_0725	2527698	2525614	5833.PFL0850w	5833.PF14_0725	0	0	0	0	0.234	0.307	0	0	0.446
PFL1045w	L22	2527737	2525532	5833.PFL1045w	5833.PF14_0642	0	0	0	0	0.224	0.314	0	0	0.444
PFL1555w	PK7	2527841	2525943	5833.PFL1555w	5833.PFB0605w	0	0	0	0	0.444	0	0	0	0.444
PF10_0360	PfLigI	2524036	2522830	5833.PF10_0360	5833.MAL13P1.22	0.044	0	0	0	0.441	0	0	0	0.442
PF13_0170	PF10_0028	2524711	2523700	5833.PF13_0170	5833.PF10_0028.1	0	0	0	0	0.225	0.310	0	0	0.442
PF14_0327	PF14_0068	2525214	2524962	5833.PF14_0327	5833.PF14_0068	0	0	0	0	0.420	0.077	0	0	0.442
PF10_0340	PF08_0011	2524019	2523548	5833.PF10_0340	5833.PF08_0011	0.075	0	0	0	0.195	0.311	0	0	0.442
PF07_0075	MAL13P1.300	2523477	2522914	5833.PF07_0075	5833.MAL13P1.300	0	0	0	0	0.441	0	0	0	0.441
gS	MAL13P1.465	2526641	2522996	5833.PFE0605c	5833.MAL13P1.465	0	0	0	0	0.441	0	0	0	0.441
PFL1045w	PFB0055c	2527737	2525822	5833.PFL1045w	5833.PFB0055c	0	0	0	0	0.441	0	0	0	0.441
PF11_0077	PF08_0127	2524137	2523664	5833.PF11_0077	5833.PF08_0127	0	0	0	0	0.237	0.298	0	0	0.441
PFE0215w	PF08_0127	2526565	2523664	5833.PFE0215w	5833.PF08_0127	0	0	0	0	0.237	0.298	0	0	0.441
PF13_0268	PF08_0018	2524806	2523555	5833.PF13_0268	5833.PF08_0018	0.048	0	0	0	0.195	0.328	0	0	0.440
PF14_0725	PF14_0414	2525614	2525301	5833.PF14_0725	5833.PF14_0414	0	0	0	0	0.217	0.314	0	0	0.440
PFI1625c	PF11_0337	2527485	2524381	5833.PFI1625c	5833.PF11_0337	0	0	0	0	0.216	0.314	0	0	0.439
PF10_0363	PF08_0132	2524039	2523669	5833.PF10_0363	5833.PF08_0132	0.053	0	0	0	0.324	0.193	0	0	0.439
PF10_0153	PF08_0006	2523831	2523543	5833.PF10_0153	5833.PF08_0006	0.064	0	0	0	0.393	0.092	0	0	0.439
PF14_0746	MAL7P1.150	2525634	2523109	5833.PF14_0746	5833.MAL7P1.150	0	0	0	0	0.438	0	0	0	0.438
PFF0825c	PF13_0170	2527003	2524711	5833.PFF0825c	5833.PF13_0170	0	0	0	0	0.344	0.179	0	0	0.438
PF14_0063	PF13_0033	2524957	2524584	5833.PF14_0063	5833.PF13_0033	0	0	0	0	0.417	0.077	0	0	0.438
PF14_0208	PF10_0225	2525098	2523906	5833.PF14_0208	5833.PF10_0225	0	0	0	0	0.438	0	0	0	0.438
PFI0235w	PFC0950c	2527201	2526251	5833.PFI0235w	5833.PFC0950c	0	0	0	0	0.438	0	0	0	0.438
PF14_0077	MAL13P1.465	2524971	2522996	5833.PF14_0077	5833.MAL13P1.465	0	0	0	0	0.438	0	0	0	0.438
Plrx	PF13_0015	2526075	2524566	5833.PFC0166w	5833.PF13_0015	0	0	0	0	0.438	0	0	0	0.438
PFD1005c	PF13_0003	2526477	2524556	5833.PFD1005c	5833.PF13_0003	0	0	0	0.682	0.438	0	0	0	0.438
PFE1335c	PF13_0268	2526786	2524806	5833.PFE1335c	5833.PF13_0268	0	0	0	0	0.438	0	0	0	0.438
PF11_0385	PF08_0087	2524426	2523624	5833.PF11_0385	5833.PF08_0087	0	0	0	0	0.199	0.327	0	0	0.437
PF14_0063	PF08_0018	2524957	2523555	5833.PF14_0063	5833.PF08_0018	0.066	0	0	0	0.199	0.309	0	0	0.437
PF10_0267	PF08_0127	2523944	2523664	5833.PF10_0267	5833.PF08_0127	0	0	0	0	0.437	0	0	0	0.437
PF13_0122	PF07_0080	2524663	2523482	5833.PF13_0122	5833.PF07_0080	0	0	0	0	0.437	0	0	0	0.437
PfCyP19	PF11_0524	2526256	2524544	5833.PFC0975c	5833.PF11_0524	0	0	0	0	0.199	0.326	0	0	0.437
PF11_0504	PF08_0127	2524527	2523664	5833.PF11_0504	5833.PF08_0127	0	0	0	0	0.178	0.344	0	0	0.437
PFF0495w	PF08_0018	2526934	2523555	5833.PFF0495w	5833.PF08_0018	0.119	0	0	0	0.125	0.329	0	0	0.437
PF10_0028	PF07_0080	2523700	2523482	5833.PF10_0028.1	5833.PF07_0080	0	0	0	0	0.199	0.325	0	0	0.436
PFD0600c	PF10_0363	2526395	2524039	5833.PFD0600c	5833.PF10_0363	0.052	0	0	0	0.199	0.317	0	0	0.436
PFL0735w	PFE0215w	2527675	2526565	5833.PFL0735w	5833.PFE0215w	0.055	0	0	0	0.289	0.228	0	0	0.435
PF14_0731	FIKK7.1	2525619	2523103	5833.PF14_0730	5833.MAL7P1.144	0	0	0	0	0.435	0	0	0	0.435
PFF0495w	PF07_0113	2526934	2523517	5833.PFF0495w	5833.PF07_0113	0	0	0	0	0.193	0.329	0	0	0.435
PFE1155c	PFC0675c	2526749	2526191	5833.PFE1155c	5833.PFC0675c	0	0	0	0	0.319	0.204	0	0	0.434
PFD0350w	PF14_0068	2526349	2524962	5833.PFD0350w	5833.PF14_0068	0	0	0	0	0.196	0.325	0	0	0.434
PF13_0043	MAL7P1.83	2524594	2523222	5833.PF13_0043	5833.MAL7P1.83	0	0	0	0	0.199	0.323	0	0	0.434
PFD0455w	PFB0715w	2526370	2525966	5833.PFD0455w	5833.PFB0715w	0	0	0	0	0.434	0	0	0	0.434
PF14_0270	MAL13P1.47	2525160	2522997	5833.PF14_0270	5833.MAL13P1.47	0.166	0	0	0	0.350	0	0	0	0.434
PF10_0028	MAL13P1.322	2523700	2522937	5833.PF10_0028.1	5833.MAL13P1.322	0	0.004	0	0	0.199	0.323	0	0	0.434
PfMAP1	PF10_0153	2525184	2523831	5833.PF14_0294	5833.PF10_0153	0	0	0	0	0.199	0.322	0	0	0.433
PFE0255w	PF13_0330	2526573	2524864	5833.PFE0255w	5833.PF13_0330	0	0	0	0	0.183	0.334	0	0	0.432
PFI0910w	PF11_0117	2527338	2524172	5833.PFI0910w	5833.PF11_0117	0.053	0	0	0	0.330	0.177	0	0	0.432
Rab5a	PF11_0385	2525921	2524426	5833.PFB0500c	5833.PF11_0385	0	0	0	0	0.199	0.319	0	0	0.431
Rab5c	PF11_0385	2525735	2524426	5833.PFA0335w	5833.PF11_0385	0	0	0	0	0.199	0.319	0	0	0.431
PFI0865w	PF10_0373	2527329	2524048	5833.PFI0865w	5833.PF10_0373	0	0	0	0	0.199	0.319	0	0	0.431
PFL2180w	PF13_0257	2527967	2524795	5833.PFL2180w	5833.PF13_0257	0.063	0	0	0	0.172	0.326	0	0	0.431
PFD0145c	Rab5a	2526310	2525921	5833.PFD0145c	5833.PFB0500c	0	0	0	0	0.199	0.319	0	0	0.431
PFD0145c	Rab5c	2526310	2525735	5833.PFD0145c	5833.PFA0335w	0	0	0	0	0.199	0.319	0	0	0.431
PFL2180w	PFL1710c	2527967	2527872	5833.PFL2180w	5833.PFL1710c	0	0	0	0	0.182	0.333	0	0	0.431
PfSPB	PF10_0363	2524659	2524039	5833.PF13_0118	5833.PF10_0363	0.172	0	0	0	0.340	0	0	0	0.430
PFL2180w	PF13_0170	2527967	2524711	5833.PFL2180w	5833.PF13_0170	0.063	0	0	0	0.171	0.326	0	0	0.430
PF10_0272	PF08_0018	2523949	2523555	5833.PF10_0272	5833.PF08_0018	0.049	0	0	0	0.186	0.324	0	0	0.430
PFL1305c	PFC0995c	2527789	2526259	5833.PFL1305c	5833.PFC0995c	0	0	0	0	0.429	0	0	0	0.429
PF10_0360	PF10_0045	2524036	2523718	5833.PF10_0360	5833.PF10_0045	0	0	0	0	0.429	0	0	0	0.429
PFI0910w	TTL	2527338	2526659	5833.PFI0910w	5833.PFE0700c	0	0	0	0	0.199	0.317	0	0	0.429
TTL	PF14_0278	2526659	2525168	5833.PFE0700c	5833.PF14_0278	0	0	0	0	0.199	0.317	0	0	0.429
PF11_0076	PF10_0363	2524136	2524039	5833.PF11_0076	5833.PF10_0363	0	0	0	0	0.429	0	0	0	0.429
PF14_0166	PF10_0340	2525057	2524019	5833.PF14_0166	5833.PF10_0340	0.064	0	0	0	0.188	0.310	0	0	0.429
Rab5a	PF14_0386	2525921	2525273	5833.PFB0500c	5833.PF14_0386	0	0	0	0	0.200	0.316	0	0	0.429
Rab5c	PF14_0386	2525735	2525273	5833.PFA0335w	5833.PF14_0386	0	0	0	0	0.199	0.316	0	0	0.428
Pfcrk-3	PF10_0028	2526422	2523700	5833.PFD0740w	5833.PF10_0028.1	0	0	0	0	0.201	0.313	0	0	0.427
PFC0170c	PF11_0256	2526076	2524301	5833.PFC0170c	5833.PF11_0256	0.050	0	0	0	0.195	0.311	0	0	0.427
PFF0180w	PFF0155w	2526871	2526866	5833.PFF0180w	5833.PFF0155w	0.055	0	0	0	0.389	0.088	0	0	0.427
PF13_0043	MAL13P1.227	2524594	2522837	5833.PF13_0043	5833.MAL13P1.227	0	0	0	0	0.199	0.314	0	0	0.427
PF14_0314	PF13_0043	2525201	2524594	5833.PF14_0314	5833.PF13_0043	0	0	0	0	0.187	0.323	0	0	0.426
MAL7P1.132	MAL13P1.227	2523095	2522837	5833.MAL7P1.132	5833.MAL13P1.227	0	0	0	0	0.199	0.312	0	0	0.425
PF14_0327	PF14_0240	2525214	2525130	5833.PF14_0327	5833.PF14_0240	0	0	0	0	0.199	0.312	0	0	0.425
PFD0145c	PF07_0113	2526310	2523517	5833.PFD0145c	5833.PF07_0113	0	0	0	0	0.200	0.311	0	0	0.425
PF14_0327	PF08_0127	2525214	2523664	5833.PF14_0327	5833.PF08_0127	0	0	0	0	0.425	0	0	0	0.425
PFE0150c	PF14_0270	2526553	2525160	5833.PFE0150c	5833.PF14_0270	0.050	0	0	0	0.418	0	0	0	0.424
PFF0325c	Pfcrk-3	2526900	2526422	5833.PFF0325c	5833.PFD0740w	0	0	0	0	0.199	0.311	0	0	0.424
PF10_0028	PF08_0087	2523700	2523624	5833.PF10_0028.1	5833.PF08_0087	0	0	0	0	0.199	0.311	0	0	0.424
PF11_0385	PF07_0113	2524426	2523517	5833.PF11_0385	5833.PF07_0113	0	0	0	0	0.199	0.311	0	0	0.424
PFL0495c	PF07_0113	2527625	2523517	5833.PFL0495c	5833.PF07_0113	0	0	0	0	0.356	0.143	0	0	0.424
PFC0515c	MAL13P1.245	2526159	2522858	5833.PFC0515c	5833.MAL13P1.245	0	0	0	0	0.200	0.309	0	0	0.423
PFL0735w	PFI1360c	2527675	2527429	5833.PFL0735w	5833.PFI1360c	0.047	0	0	0	0.201	0.304	0	0	0.423
PFL2010c	Pfcrk-3	2527932	2526422	5833.PFL2010c	5833.PFD0740w	0	0	0	0	0.200	0.309	0	0	0.423
PFL1045w	PF14_0240	2527737	2525130	5833.PFL1045w	5833.PF14_0240	0	0	0	0	0.190	0.317	0	0	0.423
PF10_0272	PF10_0028	2523949	2523700	5833.PF10_0272	5833.PF10_0028.1	0	0	0	0	0.200	0.309	0	0	0.423
PFI1360c	PFA_0295c	2527429	2525727	5833.PFI1360c	5833.PFA0295c	0	0	0	0	0.423	0	0	0	0.422
PFE1155c	PF11_0337	2526749	2524381	5833.PFE1155c	5833.PF11_0337	0	0	0	0	0.325	0.179	0	0	0.422
PF11_0038	PF10_0161	2524099	2523840	5833.PF11_0038	5833.PF10_0161	0	0	0	0	0.423	0	0	0	0.422
gS	PF14_0403	2526641	2525290	5833.PFE0605c	5833.PF14_0403	0	0	0	0	0.423	0	0	0	0.422
PFF0155w	PFF0120w	2526866	2526859	5833.PFF0155w	5833.PFF0120w	0	0	0	0	0.423	0	0	0	0.422
PFB0715w	PF11_0337	2525966	2524381	5833.PFB0715w	5833.PF11_0337	0.155	0	0	0	0.319	0.077	0	0	0.422
PFL1670c	PFC0995c	2527864	2526259	5833.PFL1670c	5833.PFC0995c	0	0	0	0	0.423	0	0	0	0.422
PF13_0117	MAL7P1.132	2524658	2523095	5833.PF13_0117	5833.MAL7P1.132	0	0	0	0	0.199	0.308	0	0	0.422
Pfcrk-3	MAL7P1.81	2526422	2523220	5833.PFD0740w	5833.MAL7P1.81	0	0	0	0	0.199	0.307	0	0	0.421
PF14_0327	MAL7P1.150	2525214	2523109	5833.PF14_0327	5833.MAL7P1.150	0.060	0	0	0	0.408	0	0	0	0.420
PFA_0295c	MAL13P1.140	2525727	2522749	5833.PFA0295c	5833.MAL13P1.140	0	0	0	0	0.420	0	0	0	0.420
PFL1790w	PF08_0097	2527888	2523634	5833.PFL1790w	5833.PF08_0097	0	0	0	0	0.420	0	0	0	0.420
MIF	PfCyP19	2527812	2526256	5833.PFL1420w	5833.PFC0975c	0	0	0	0	0.420	0	0	0	0.420
PFA_0160c	PF11_0058	2525701	2524118	5833.PFA0160c	5833.PF11_0058.1	0	0	0	0	0.420	0	0	0	0.420
PFF0815w	AQP	2527001	2524382	5833.PFF0815w	5833.PF11_0338	0.418	0	0	0	0	0	0	0	0.418
PF14_0278	PfLigI	2525168	2522830	5833.PF14_0278	5833.MAL13P1.22	0.060	0	0	0	0.189	0.298	0	0	0.418
PF14_0477	PF11_0251	2525362	2524296	5833.PF14_0477	5833.PF11_0251	0.418	0	0	0	0	0	0	0	0.418
PF14_0244	PF14_0155	2525135	2525047	5833.PF14_0244	5833.PF14_0155	0.053	0	0	0	0.198	0.295	0	0	0.418
PFI0910w	PfLigI	2527338	2522830	5833.PFI0910w	5833.MAL13P1.22	0.060	0	0	0	0.189	0.298	0	0	0.418
PFL0735w	PF14_0720	2527675	2525609	5833.PFL0735w	5833.PF14_0720	0	0	0	0	0.196	0.305	0	0	0.417
PFI1360c	PFE0215w	2527429	2526565	5833.PFI1360c	5833.PFE0215w	0.056	0	0	0	0.338	0.143	0	0	0.417
PFB0715w	PF10_0272	2525966	2523949	5833.PFB0715w	5833.PF10_0272	0.120	0	0	0	0.365	0	0	0	0.417
PFE0215w	PF11_0524	2526565	2524544	5833.PFE0215w	5833.PF11_0524	0	0	0	0	0.179	0.318	0	0	0.416
PFB0610c	PF14_0063	2525944	2524957	5833.PFB0610c	5833.PF14_0063	0.054	0	0	0	0.297	0.192	0	0	0.416
PFL0055c	PF14_0746	2527539	2525634	5833.PFL0055c	5833.PF14_0746	0	0	0	0	0.417	0	0	0	0.416
PFF0665c	Rab5a	2526970	2525921	5833.PFF0665c	5833.PFB0500c	0	0	0	0	0.199	0.301	0	0	0.416
PF14_0339	MAL13P1.31	2525226	2522924	5833.PF14_0339	5833.MAL13P1.31	0.240	0	0	0	0.260	0	0	0	0.414
PFF0600w	PF14_0189	2526956	2525080	5833.PFF0600w	5833.PF14_0189	0	0	0	0	0.414	0	0	0	0.414
PF10_0081	PF10_0045	2523759	2523718	5833.PF10_0081	5833.PF10_0045	0	0	0	0	0.414	0	0	0	0.414
PF14_0566	PF14_0189	2525453	2525080	5833.PF14_0566	5833.PF14_0189	0	0	0	0	0.414	0	0	0	0.414
PPR	PF07_0113	2524955	2523517	5833.PF14_0061	5833.PF07_0113	0	0	0	0	0.199	0.299	0	0	0.414
PFI0910w	PFE0150c	2527338	2526553	5833.PFI0910w	5833.PFE0150c	0.056	0	0	0	0.405	0	0	0	0.414
L22	PF14_0068	2525532	2524962	5833.PF14_0642	5833.PF14_0068	0	0	0	0	0.299	0.199	0	0	0.414
PF11_0337	MAL8P1.33	2524381	2523338	5833.PF11_0337	5833.MAL8P1.33	0.043	0	0	0	0.173	0.319	0	0	0.413
PF14_0068	PF10_0153	2524962	2523831	5833.PF14_0068	5833.PF10_0153	0	0	0	0	0.413	0	0	0	0.413
PFB0265c	MAL13P1.309	2525871	2522923	5833.PFB0265c	5833.MAL13P1.309	0	0	0	0	0.199	0.298	0	0	0.413
PF14_0147	PF08_0011	2525039	2523548	5833.PF14_0147	5833.PF08_0011	0.240	0	0	0	0.260	0	0	0	0.413
PFB0610c	PF10_0153	2525944	2523831	5833.PFB0610c	5833.PF10_0153	0.046	0	0	0	0.387	0.077	0	0	0.413
PFL1045w	PF13_0268	2527737	2524806	5833.PFL1045w	5833.PF13_0268	0	0	0	0	0.179	0.314	0	0	0.412
PfCyP19	PF10_0028	2526256	2523700	5833.PFC0975c	5833.PF10_0028.1	0	0	0	0	0.226	0.272	0	0	0.412
HslV	PF14_0147	2527822	2525039	5833.PFL1465c	5833.PF14_0147	0.049	0	0	0	0.384	0.077	0	0	0.412
PF14_0314	PF08_0094	2525201	2523631	5833.PF14_0314	5833.PF08_0094	0	0	0	0	0.199	0.296	0	0	0.411
PFC0785c	PF10_0081	2526214	2523759	5833.PFC0785c	5833.PF10_0081	0.053	0	0	0	0.166	0.315	0	0	0.411
PF13_0268	MAL13P1.47	2524806	2522997	5833.PF13_0268	5833.MAL13P1.47	0.105	0	0	0	0.369	0	0	0	0.411
PF14_0477	MAL13P1.47	2525362	2522997	5833.PF14_0477	5833.MAL13P1.47	0.379	0	0	0	0.091	0	0	0	0.411
PFI0910w	PF11_0058	2527338	2524118	5833.PFI0910w	5833.PF11_0058.1	0	0	0	0	0.200	0.294	0	0	0.411
PF14_0339	PfSPB	2525226	2524659	5833.PF14_0339	5833.PF13_0118	0.240	0	0	0	0.256	0	0	0	0.410
PFA_0150c	PfMAP1	2525699	2525184	5833.PFA0150c	5833.PF14_0294	0	0	0	0	0.174	0.314	0	0	0.409
PFF0825c	PF11_0264	2527003	2524309	5833.PFF0825c	5833.PF11_0264	0	0	0	0	0.409	0	0	0	0.409
PFE0590w	PFD0565c	2526638	2526390	5833.PFE0590w	5833.PFD0565c	0	0	0	0	0.408	0	0	0	0.408
PFA_0180w	PF14_0068	2525705	2524962	5833.PFA0180w	5833.PF14_0068	0	0	0	0	0.385	0.077	0	0	0.408
PFB0715w	PF13_0257	2525966	2524795	5833.PFB0715w	5833.PF13_0257	0.053	0	0	0	0.376	0.077	0	0	0.407
PFF0815w	PF14_0339	2527001	2525226	5833.PFF0815w	5833.PF14_0339	0.361	0	0	0	0.110	0	0	0	0.406
PF08_0018	PF08_0011	2523555	2523548	5833.PF08_0018	5833.PF08_0011	0.122	0	0	0	0.324	0.080	0	0	0.406
PF14_0564	PF14_0068	2525451	2524962	5833.PF14_0564	5833.PF14_0068	0	0	0	0	0.230	0.260	0	0	0.405
PFL1710c	PF14_0270	2527872	2525160	5833.PFL1710c	5833.PF14_0270	0.044	0	0	0	0.154	0.324	0	0	0.405
PFL1655c	MAL13P1.196	2527861	2522808	5833.PFL1655c	5833.MAL13P1.196	0	0	0	0	0.317	0.163	0	0	0.404
PfSAMS	PF11_0061	2527374	2524121	5833.PFI1090w	5833.PF11_0061	0	0	0	0	0.235	0.254	0	0	0.404
PF10_0363	1-cyspxn	2524039	2523668	5833.PF10_0363	5833.PF08_0131	0	0	0	0	0.167	0.314	0	0	0.404
PFE0215w	PF14_0720	2526565	2525609	5833.PFE0215w	5833.PF14_0720	0.047	0	0	0	0.298	0.181	0	0	0.404
PfGLP-1	PF10_0153	2526085	2523831	5833.PFC0205c	5833.PF10_0153	0	0	0	0	0.370	0.094	0	0	0.404
PFL2010c	PF11_0264	2527932	2524309	5833.PFL2010c	5833.PF11_0264	0	0	0	0	0.370	0.093	0	0	0.404
TTL	PF14_0725	2526659	2525614	5833.PFE0700c	5833.PF14_0725	0	0	0	0	0.155	0.323	0	0	0.404
PFL0735w	PF11_0524	2527675	2524544	5833.PFL0735w	5833.PF11_0524	0	0	0	0	0.152	0.326	0	0	0.404
PFL2010c	PF13_0170	2527932	2524711	5833.PFL2010c	5833.PF13_0170	0.053	0	0	0	0.362	0.092	0	0	0.404
Pfcrk-3	PF11_0077	2526422	2524137	5833.PFD0740w	5833.PF11_0077	0	0	0	0	0.158	0.321	0	0	0.403
PFI1625c	PF11_0385	2527485	2524426	5833.PFI1625c	5833.PF11_0385	0.043	0	0	0	0.275	0.209	0	0	0.403
PF11_0202	MAL8P1.75	2524251	2523381	5833.PF11_0202	5833.MAL8P1.75	0	0	0	0	0.302	0.179	0	0	0.402
PfSAMS	MAL13P1.319	2527374	2522933	5833.PFI1090w	5833.MAL13P1.319	0.367	0	0	0	0	0.095	0	0	0.402
PFB0715w	PF14_0270	2525966	2525160	5833.PFB0715w	5833.PF14_0270	0.120	0	0	0	0.237	0.180	0	0	0.401
PFI0910w	PFB0265c	2527338	2525871	5833.PFI0910w	5833.PFB0265c	0.067	0	0	0	0.118	0.331	0	0	0.401
PFB0265c	PF14_0278	2525871	2525168	5833.PFB0265c	5833.PF14_0278	0.067	0	0	0	0.118	0.331	0	0	0.401
PFF0335c	PFC0995c	2526902	2526259	5833.PFF0335c	5833.PFC0995c	0	0	0	0	0.401	0	0	0	0.400
PF08_0006	PF07_0080	2523543	2523482	5833.PF08_0006	5833.PF07_0080	0	0	0	0	0.365	0.094	0	0	0.400
PF10_0360	MAL7P1.132	2524036	2523095	5833.PF10_0360	5833.MAL7P1.132	0	0	0	0	0.401	0	0	0	0.400
PFE1155c	PFD0600c	2526749	2526395	5833.PFE1155c	5833.PFD0600c	0	0	0	0	0.299	0.179	0	0	0.400
PFL2010c	PF10_0028	2527932	2523700	5833.PFL2010c	5833.PF10_0028.1	0	0	0	0	0.276	0.205	0	0	0.400
PFE1615c	MAL13P1.465	2526835	2522996	5833.PFE1615c	5833.MAL13P1.465	0	0	0	0	0.401	0	0	0	0.400
PFC1000w	PF14_0731	2526260	2525619	5833.PFC1000w	5833.PF14_0730	0	0	0	0	0.401	0	0	0	0.400
PFL1555w	PFI1360c	2527841	2527429	5833.PFL1555w	5833.PFI1360c	0	0	0	0	0.163	0.313	0	0	0.400